#,Name,Type 1,Type 2,HP,Attack,Defense,Sp. Atk,Sp. Def,Speed,Generation,Legendary,Location,Longitude,Latitude
1,Bulbasaur,Grass,Poison,45,49,49,65,65,45,1,FALSE,ADILABAD,78.5320107,19.6640624
2,Ivysaur,Grass,Poison,60,62,63,80,80,60,1,FALSE,AGRA,78.0080745,27.1766701
3,Venusaur,Grass,Poison,80,82,83,100,100,80,1,FALSE,AHMEDABAD EAST,72.7570024,23.2216974
3,VenusaurMega Venusaur,Grass,Poison,80,100,123,122,120,80,1,FALSE,AHMEDABAD WEST,72.5914616,23.041727
4,Charmander,Fire,,39,52,43,60,50,65,1,FALSE,AHMEDNAGAR,74.7479789,19.0948287
5,Charmeleon,Fire,,58,64,58,80,65,80,1,FALSE,AJMER,74.6399163,26.4498954
6,Charizard,Fire,Flying,78,84,78,109,85,100,1,FALSE,AKOLA,0,0
6,CharizardMega Charizard X,Fire,Dragon,78,130,111,130,85,100,1,FALSE,ALAPPUZHA,76.3388484,9.4980667
6,CharizardMega Charizard Y,Fire,Flying,78,104,78,159,115,100,1,FALSE,ALATHUR,76.5458462,10.6453971
7,Squirtle,Water,,44,48,65,50,64,43,1,FALSE,ALIGARH,78.0880129,27.8973944
8,Wartortle,Water,,59,63,80,65,80,58,1,FALSE,ALIPURDUA,89.5319627,26.4922164
9,Blastoise,Water,,79,83,100,85,105,78,1,FALSE,ALLAHABAD,81.846311,25.4358011
9,BlastoiseMega Blastoise,Water,,79,103,120,135,115,78,1,FALSE,ALMORA,79.646666,29.5892407
10,Caterpie,Bug,,45,30,35,20,20,45,1,FALSE,ALWAR,76.6345735,27.5529907
11,Metapod,Bug,,50,20,55,25,25,30,1,FALSE,AMALAPURAM,82.0031455,16.5774798
12,Butterfree,Bug,Flying,60,45,50,90,80,70,1,FALSE,AMBALA,76.782122,30.3752011
13,Weedle,Bug,Poison,40,35,30,20,20,50,1,FALSE,AMBEDKAR NAGAR,82.6915429,26.4683952
14,Kakuna,Bug,Poison,45,25,50,25,25,35,1,FALSE,AMETHI,81.814238,26.1540538
15,Beedrill,Bug,Poison,65,90,40,45,80,75,1,FALSE,AMRAVATI,77.7523039,20.9319821
15,BeedrillMega Beedrill,Bug,Poison,65,150,40,15,80,145,1,FALSE,AMRELI,71.2203555,21.6015242
16,Pidgey,Normal,Flying,40,45,40,35,35,56,1,FALSE,AMRITSAR,74.8722642,31.6339793
17,Pidgeotto,Normal,Flying,63,60,55,50,50,71,1,FALSE,AMROHA,78.467318,28.9051778
18,Pidgeot,Normal,Flying,83,80,75,70,70,101,1,FALSE,ANAKAPALLE,83.0023634,17.6896435
18,PidgeotMega Pidgeot,Normal,Flying,83,80,80,135,80,121,1,FALSE,ANAND,0,0
19,Rattata,Normal,,30,56,35,25,35,72,1,FALSE,ANANDPUR SAHIB,76.5012734,31.2355318
20,Raticate,Normal,,55,81,60,50,70,97,1,FALSE,ANANTAPUR,77.6005911,14.6818877
21,Spearow,Normal,Flying,40,60,30,31,31,70,1,FALSE,ANANTNAG,75.1487007,33.7311255
22,Fearow,Normal,Flying,65,90,65,61,61,100,1,FALSE,ANDAMAN AND NICOBAR ISLANDS,92.6586401,11.7400867
23,Ekans,Poison,,35,60,44,40,54,55,1,FALSE,AONLA,79.1604971,28.2699017
24,Arbok,Poison,,60,85,69,65,79,80,1,FALSE,ARAKKONAM,79.6704128,13.0840593
25,Pikachu,Electric,,35,55,40,50,50,90,1,FALSE,ARAKU,82.8775218,18.3273486
26,Raichu,Electric,,60,90,55,90,80,110,1,FALSE,ARAMBAG,87.7909507,22.8765026
27,Sandshrew,Ground,,50,75,85,20,30,40,1,FALSE,ARANI,0,0
28,Sandslash,Ground,,75,100,110,45,55,65,1,FALSE,ARARIA,87.4528067,26.1324689
29,Nidoran (Female),Poison,,55,47,52,40,40,41,1,FALSE,ARRAH,84.6664797,25.5541358
30,Nidorina,Poison,,70,62,67,55,55,56,1,FALSE,ARUNACHAL EAST,95.8987139,28.3590669
31,Nidoqueen,Poison,Ground,90,92,87,75,85,76,1,FALSE,ARUNACHAL WEST,93.4195527,27.5077359
32,Nidoran (Male),Poison,,46,57,40,40,40,50,1,FALSE,ASANSOL,86.9660638,23.6888636
33,Nidorino,Poison,,61,72,57,55,55,65,1,FALSE,ASKA,0,0
34,Nidoking,Poison,Ground,81,102,77,85,75,85,1,FALSE,ATTINGAL,76.8136569,8.6982226
35,Clefairy,Fairy,,70,45,48,60,65,35,1,FALSE,AURANGABAD,75.3433139,19.8761653
36,Clefable,Fairy,,95,70,73,95,90,60,1,FALSE,AURANGABAD,75.3433139,19.8761653
37,Vulpix,Fire,,38,41,40,50,65,65,1,FALSE,AUTONOMOUS DISTRICT,0,0
38,Ninetales,Fire,,73,76,75,81,100,100,1,FALSE,AZAMGARH,83.1859495,26.0739138
39,Jigglypuff,Normal,Fairy,115,45,20,45,25,20,1,FALSE,BADAUN,79.1271229,28.0311101
40,Wigglytuff,Normal,Fairy,140,70,45,85,50,45,1,FALSE,BAGALKOT,75.6615029,16.1691096
41,Zubat,Poison,Flying,40,45,35,30,40,55,1,FALSE,BAGHPAT,77.227607,28.9427827
42,Golbat,Poison,Flying,75,80,70,65,75,90,1,FALSE,BAHARAMPUR,88.268411,24.0982607
43,Oddish,Grass,Poison,45,50,55,75,65,30,1,FALSE,BAHRAICH,81.5976672,27.5705152
44,Gloom,Grass,Poison,60,65,70,85,75,40,1,FALSE,BALAGHAT,80.1838293,21.812876
45,Vileplume,Grass,Poison,75,80,85,110,90,50,1,FALSE,BALASORE,86.9134794,21.4933578
46,Paras,Bug,Grass,35,70,55,45,55,25,1,FALSE,BALLIA,84.1857115,25.8307174
47,Parasect,Bug,Grass,60,95,80,60,80,30,1,FALSE,BALURGHAT,88.7830612,25.2372834
48,Venonat,Bug,Poison,60,55,50,40,55,45,1,FALSE,BANASKANTHA,71.7622481,24.3454739
49,Venomoth,Bug,Poison,70,65,60,90,75,90,1,FALSE,BANDA,0,0
50,Diglett,Ground,,10,55,25,35,45,95,1,FALSE,BANGALORE CENTRAL,77.5980174,12.8915077
51,Dugtrio,Ground,,35,80,50,50,70,120,1,FALSE,BANGALORE NORTH,77.5945627,12.9715987
52,Meowth,Normal,,40,45,35,40,40,90,1,FALSE,BANGALORE RURAL,77.6077865,13.2846993
53,Persian,Normal,,65,70,60,65,65,115,1,FALSE,BANGALORE SOUTH,76.4158129,17.0711874
54,Psyduck,Water,,50,52,48,65,50,55,1,FALSE,BANGAON,88.8291109,23.0467269
55,Golduck,Water,,80,82,78,95,80,85,1,FALSE,BANKA,0,0
56,Mankey,Fighting,,40,80,35,35,45,70,1,FALSE,BANKURA,87.0783875,23.2312686
57,Primeape,Fighting,,65,105,60,60,70,95,1,FALSE,BANSGAON,83.346786,26.5490299
58,Growlithe,Fire,,55,70,45,70,50,60,1,FALSE,BANSWARA,74.4349761,23.5461394
59,Arcanine,Fire,,90,110,80,100,80,95,1,FALSE,BAPATLA,80.4671375,15.9039445
60,Poliwag,Water,,40,50,40,40,40,90,1,FALSE,BARABANKI,81.1833809,26.9268042
61,Poliwhirl,Water,,65,65,65,50,50,90,1,FALSE,BARAMATI,74.6077971,18.1791791
62,Poliwrath,Water,Fighting,90,95,95,70,90,70,1,FALSE,BARAMULLA,74.3499496,34.1990498
63,Abra,Psychic,,25,20,15,105,55,90,1,FALSE,BARASAT,88.4789351,22.7247556
64,Kadabra,Psychic,,40,35,30,120,70,105,1,FALSE,BARDHAMAN DURGAPUR,87.3119227,23.5204443
65,Alakazam,Psychic,,55,50,45,135,95,120,1,FALSE,BARDHAMAN PURBA,88.050979,23.1321751
65,AlakazamMega Alakazam,Psychic,,55,50,65,175,95,150,1,FALSE,BARDOLI,73.1122499,21.1255374
66,Machop,Fighting,,70,80,50,35,35,35,1,FALSE,BAREILLY,79.4304381,28.3670355
67,Machoke,Fighting,,80,100,70,50,60,45,1,FALSE,BARGARH,83.6320212,21.3470154
68,Machamp,Fighting,,90,130,80,65,85,55,1,FALSE,BARMER,71.3966865,25.7521467
69,Bellsprout,Grass,Poison,50,75,35,70,30,40,1,FALSE,BARPETA,90.9820668,26.3215985
70,Weepinbell,Grass,Poison,65,90,50,85,45,55,1,FALSE,BARRACKPUR,88.3883455,22.7674278
71,Victreebel,Grass,Poison,80,105,65,100,70,70,1,FALSE,BASIRHAT,88.8572047,22.6590646
72,Tentacool,Water,Poison,40,40,35,50,100,70,1,FALSE,BASTAR,81.9534815,19.1071317
73,Tentacruel,Water,Poison,80,70,65,80,120,100,1,FALSE,BASTI,82.7629893,26.8139844
74,Geodude,Rock,Ground,40,80,100,30,30,20,1,FALSE,BATHINDA,74.9454745,30.210994
75,Graveler,Rock,Ground,55,95,115,45,45,35,1,FALSE,BEED,75.7531324,18.990088
76,Golem,Rock,Ground,80,120,130,55,65,45,1,FALSE,BEGUSARAI,86.1271542,25.4181638
77,Ponyta,Fire,,50,85,55,65,65,90,1,FALSE,BELGAUM,74.4976741,15.8496953
78,Rapidash,Fire,,65,100,70,80,80,105,1,FALSE,BELLARY,76.9214428,15.1393932
79,Slowpoke,Water,Psychic,90,65,65,40,40,15,1,FALSE,BERHAMPUR,84.7940911,19.3149618
80,Slowbro,Water,Psychic,95,75,110,100,80,30,1,FALSE,BETUL,77.8960201,21.9011601
80,SlowbroMega Slowbro,Water,Psychic,95,75,180,130,80,30,1,FALSE,BHADOHI,82.5676981,25.3804531
81,Magnemite,Electric,Steel,25,35,70,95,55,45,1,FALSE,BHADRAK,86.4962996,21.0573616
82,Magneton,Electric,Steel,50,60,95,120,70,70,1,FALSE,BHAGALPUR,86.9842256,25.242453
83,Farfetch'd,Normal,Flying,52,65,55,58,62,60,1,FALSE,BHANDARA GONDIYA,79.9192702,20.9847143
84,Doduo,Normal,Flying,35,85,45,35,35,75,1,FALSE,BHARATPUR,77.5029996,27.2151863
85,Dodrio,Normal,Flying,60,110,70,60,60,100,1,FALSE,BHARUCH,72.9958748,21.7051358
86,Seel,Water,,65,45,55,45,70,45,1,FALSE,BHAVNAGAR,72.1519304,21.7644725
87,Dewgong,Water,Ice,90,70,80,70,95,70,1,FALSE,BHILWARA,74.6313183,25.3407388
88,Grimer,Poison,,80,80,50,40,50,25,1,FALSE,BHIND,78.7860916,26.5637768
89,Muk,Poison,,105,105,75,65,100,50,1,FALSE,BHIWANDI,73.0482912,19.2812547
90,Shellder,Water,,30,65,100,45,25,40,1,FALSE,BHIWANI MAHENDRAGARH,75.9927652,28.5923723
91,Cloyster,Water,Ice,50,95,180,85,45,70,1,FALSE,BHONGIR,78.8802139,17.507769
92,Gastly,Ghost,Poison,30,35,30,100,35,80,1,FALSE,BHOPAL,77.412615,23.2599333
93,Haunter,Ghost,Poison,45,50,45,115,55,95,1,FALSE,BHUBANESWAR,85.8245398,20.2960587
94,Gengar,Ghost,Poison,60,65,60,130,75,110,1,FALSE,BIDAR,77.5199079,17.9103939
94,GengarMega Gengar,Ghost,Poison,60,65,80,170,95,130,1,FALSE,BIJAPUR,75.710031,16.8301708
95,Onix,Rock,Ground,35,45,160,30,45,70,1,FALSE,BIJNOR,78.1350904,29.3731673
96,Drowzee,Psychic,,60,48,45,43,90,42,1,FALSE,BIKANER,73.3119159,28.0229348
97,Hypno,Psychic,,85,73,70,73,115,67,1,FALSE,BILASPUR,82.1409152,22.0796545
98,Krabby,Water,,30,105,90,25,25,50,1,FALSE,BIRBHUM,87.6186379,23.8401675
99,Kingler,Water,,55,130,115,50,50,75,1,FALSE,BISHNUPUR,87.3214681,23.067179
100,Voltorb,Electric,,40,30,50,55,55,100,1,FALSE,BOLANGIR,83.4846069,20.7011108
101,Electrode,Electric,,60,50,70,80,80,140,1,FALSE,BOLPUR,87.6918921,23.671195
102,Exeggcute,Grass,Psychic,60,40,80,60,45,40,1,FALSE,BULANDSHAHR,77.8498292,28.406963
103,Exeggutor,Grass,Psychic,95,95,85,125,65,55,1,FALSE,BULDHANA,76.1841701,20.5292147
104,Cubone,Ground,,50,50,95,40,50,35,1,FALSE,BUXAR,83.9777482,25.5647103
105,Marowak,Ground,,60,80,110,50,80,45,1,FALSE,CHALAKUDY,76.3340589,10.3070105
106,Hitmonlee,Fighting,,50,120,53,35,110,87,1,FALSE,CHAMARAJANAGAR,76.9437312,11.9261471
107,Hitmonchan,Fighting,,50,105,79,35,110,76,1,FALSE,CHANDAULI,83.264538,25.2604696
108,Lickitung,Normal,,90,55,75,60,75,30,1,FALSE,CHANDIGARH,76.7794179,30.7333148
109,Koffing,Poison,,40,65,95,60,45,35,1,FALSE,CHANDNI CHOWK,77.230337,28.6505331
110,Weezing,Poison,,65,90,120,85,70,60,1,FALSE,CHANDRAPUR,79.2961468,19.9615398
111,Rhyhorn,Ground,Rock,80,85,95,30,30,25,1,FALSE,CHATRA,84.871802,24.2065446
112,Rhydon,Ground,Rock,105,130,120,45,45,40,1,FALSE,CHENNAI CENTRAL,80.2755486,13.0823077
113,Chansey,Normal,,250,5,5,35,105,50,1,FALSE,CHENNAI NORTH,80.2707184,13.0826802
114,Tangela,Grass,,65,55,115,100,40,60,1,FALSE,CHENNAI SOUTH,80.2707184,13.0826802
115,Kangaskhan,Normal,,105,95,80,40,80,90,1,FALSE,CHEVELLA,78.138541,17.3123703
115,KangaskhanMega Kangaskhan,Normal,,105,125,100,60,100,100,1,FALSE,CHHINDWARA,78.9381729,22.057437
116,Horsea,Water,,30,40,70,70,25,60,1,FALSE,CHHOTA UDAIPUR,74.0119993,22.3084941
117,Seadra,Water,,55,65,95,95,45,85,1,FALSE,CHIDAMBARAM,79.6912455,11.4070449
118,Goldeen,Water,,45,67,60,35,50,63,1,FALSE,CHIKKBALLAPUR,77.7315344,13.4354985
119,Seaking,Water,,80,92,65,65,80,68,1,FALSE,CHIKKODI,74.5878546,16.4291905
120,Staryu,Water,,30,45,55,70,55,85,1,FALSE,CHITRADURGA,76.3980464,14.2250932
121,Starmie,Water,Psychic,60,75,85,100,85,115,1,FALSE,CHITTOOR,79.1003289,13.217176
122,Mr. Mime,Psychic,Fairy,40,45,65,100,120,90,1,FALSE,CHITTORGARH,74.6229699,24.8829177
123,Scyther,Bug,Flying,70,110,80,55,80,105,1,FALSE,CHURU,74.9707262,28.2925364
124,Jynx,Ice,Psychic,65,50,35,115,95,95,1,FALSE,COIMBATORE,76.9558321,11.0168445
125,Electabuzz,Electric,,65,83,57,95,85,105,1,FALSE,COOCH BEHAR,89.4482079,26.3452397
126,Magmar,Fire,,65,95,57,100,85,93,1,FALSE,CUDDALORE,79.7713687,11.7480419
127,Pinsir,Bug,,65,125,100,55,70,85,1,FALSE,CUTTACK,85.8829895,20.462521
127,PinsirMega Pinsir,Bug,Flying,65,155,120,65,90,105,1,FALSE,DADRA AND NAGAR HAVELI,73.0169135,20.1808672
128,Tauros,Normal,,75,100,95,40,70,110,1,FALSE,DAHOD,74.2606185,22.8344992
129,Magikarp,Water,,20,10,55,15,20,80,1,FALSE,DAKSHINA KANNADA,75.2479061,12.8437814
130,Gyarados,Water,Flying,95,125,79,60,100,81,1,FALSE,DAMAN AND DIU,72.8327991,20.3973736
130,GyaradosMega Gyarados,Water,Dark,95,155,109,70,130,81,1,FALSE,DAMOH,79.4386591,23.8323022
131,Lapras,Water,Ice,130,85,80,85,95,60,1,FALSE,DARBHANGA,85.8918454,26.1542045
132,Ditto,Normal,,48,48,48,48,48,48,1,FALSE,DARJEELING,88.2662745,27.0410218
133,Eevee,Normal,,55,55,50,45,65,55,1,FALSE,DAUSA,76.332411,26.8996953
134,Vaporeon,Water,,130,65,60,110,95,65,1,FALSE,DAVANAGERE,75.921758,14.4644085
135,Jolteon,Electric,,65,65,60,110,95,130,1,FALSE,DEORIA,83.7791283,26.5024286
136,Flareon,Fire,,65,130,60,95,110,65,1,FALSE,DEWAS,76.0534454,22.9675929
137,Porygon,Normal,,65,60,70,85,75,40,1,FALSE,DHANBAD,86.4303859,23.7956531
138,Omanyte,Rock,Water,35,40,100,90,55,35,1,FALSE,DHAR,0,0
139,Omastar,Rock,Water,70,60,125,115,70,55,1,FALSE,DHARMAPURI,78.1582143,12.1210997
140,Kabuto,Rock,Water,30,80,90,55,45,55,1,FALSE,DHARWAD,75.007808,15.4589236
141,Kabutops,Rock,Water,60,115,105,65,70,80,1,FALSE,DHAURAHRA,81.0354406,27.3565321
142,Aerodactyl,Rock,Flying,80,105,65,60,75,130,1,FALSE,DHENKANAL,85.5981223,20.6504753
142,AerodactylMega Aerodactyl,Rock,Flying,80,135,85,70,95,150,1,FALSE,DHUBRI,89.9743463,26.0206982
143,Snorlax,Normal,,160,110,65,65,110,30,1,FALSE,DHULE,74.7748979,20.9042201
144,Articuno,Ice,Flying,90,85,100,95,125,85,1,TRUE,DIAMOND HARBOUR,88.1894876,22.1926884
145,Zapdos,Electric,Flying,90,90,85,125,90,100,1,TRUE,DIBRUGARH,94.9119621,27.4728327
146,Moltres,Fire,Flying,90,100,90,125,85,90,1,TRUE,DINDIGUL,77.9694579,10.3623794
147,Dratini,Dragon,,41,64,45,50,50,50,1,FALSE,DINDORI,81.0754657,22.8457457
148,Dragonair,Dragon,,61,84,65,70,70,70,1,FALSE,DOMARIYAGANJ,82.6525739,27.20781
149,Dragonite,Dragon,Flying,91,134,95,100,100,80,1,FALSE,DUM DUM,0,0
150,Mewtwo,Psychic,,106,110,90,154,90,130,1,TRUE,DUMKA,87.2488088,24.2684794
150,MewtwoMega Mewtwo X,Psychic,Fighting,106,190,100,154,100,130,1,TRUE,DURG,81.2849169,21.1904494
150,MewtwoMega Mewtwo Y,Psychic,,106,150,70,194,120,140,1,TRUE,EAST DELHI,77.2956273,28.6279559
151,Mew,Psychic,,100,100,100,100,100,100,1,FALSE,ELURU,81.0952431,16.7106604
152,Chikorita,Grass,,45,49,65,49,65,45,2,FALSE,ERNAKULAM,76.2998842,9.9816358
153,Bayleef,Grass,,60,62,80,63,80,60,2,FALSE,ERODE,77.7171642,11.3410364
154,Meganium,Grass,,80,82,100,83,100,80,2,FALSE,ETAH,78.6654148,27.5625106
155,Cyndaquil,Fire,,39,52,43,60,50,65,2,FALSE,ETAWAH,79.027659,26.7829103
156,Quilava,Fire,,58,64,58,80,65,80,2,FALSE,FAIZABAD,82.1457934,26.7729751
157,Typhlosion,Fire,,78,84,78,109,85,100,2,FALSE,FARIDABAD,77.3177894,28.4089123
158,Totodile,Water,,50,65,64,44,48,43,2,FALSE,FARIDKOT,74.7583351,30.6769462
159,Croconaw,Water,,65,80,80,59,63,58,2,FALSE,FARRUKHABAD,79.5840195,27.3825853
160,Feraligatr,Water,,85,105,100,79,83,78,2,FALSE,FATEHGARH SAHIB,76.39703,30.6435345
161,Sentret,Normal,,35,46,34,35,45,20,2,FALSE,FATEHPUR,80.7996035,25.9209503
162,Furret,Normal,,85,76,64,45,55,90,2,FALSE,FATEHPUR SIKRI,77.6679292,27.0945291
163,Hoothoot,Normal,Flying,60,30,30,36,56,50,2,FALSE,FIROZABAD,78.3957331,27.1591961
164,Noctowl,Normal,Flying,100,50,50,76,96,70,2,FALSE,FIROZPUR,74.6224755,30.9331348
165,Ledyba,Bug,Flying,40,20,30,40,80,55,2,FALSE,GADCHIROLI CHIMUR,80.2767327,19.4968732
166,Ledian,Bug,Flying,55,35,50,55,110,85,2,FALSE,GANDHINAGAR,72.6369415,23.2156354
167,Spinarak,Bug,Poison,40,60,40,40,40,30,2,FALSE,GANGANAGAR,73.8799805,29.9093759
168,Ariados,Bug,Poison,70,90,70,60,60,40,2,FALSE,GARHWAL,78.8382644,29.8687682
169,Crobat,Poison,Flying,85,90,80,70,80,130,2,FALSE,GAUHATI,91.7362365,26.1445169
170,Chinchou,Water,Electric,75,38,38,56,56,67,2,FALSE,GAUTAM BUDDHA NAGAR,77.6077865,28.338333
171,Lanturn,Water,Electric,125,58,58,76,76,67,2,FALSE,GAYA,85.0002336,24.7913957
172,Pichu,Electric,,20,40,15,35,35,60,2,FALSE,GHATAL,87.7468071,22.6636967
173,Cleffa,Fairy,,50,25,28,45,55,15,2,FALSE,GHAZIABAD,77.4537578,28.6691565
174,Igglybuff,Normal,Fairy,90,30,15,40,20,15,2,FALSE,GHAZIPUR,83.5783078,25.5877901
175,Togepi,Fairy,,35,20,65,40,65,20,2,FALSE,GHOSI,83.5443287,26.1156595
176,Togetic,Fairy,Flying,55,40,85,80,105,40,2,FALSE,GIRIDIH,86.2996368,24.19135
177,Natu,Psychic,Flying,40,50,45,70,45,70,2,FALSE,GODDA,87.2135177,24.8255215
178,Xatu,Psychic,Flying,65,75,70,95,70,95,2,FALSE,GONDA,81.9618979,27.1339874
179,Mareep,Electric,,55,40,40,65,45,35,2,FALSE,GOPALGANJ,84.43655,26.4831584
180,Flaaffy,Electric,,70,55,55,80,60,45,2,FALSE,GORAKHPUR,83.3731675,26.7605545
181,Ampharos,Electric,,90,75,85,115,90,55,2,FALSE,GULBARGA,76.8342957,17.329731
181,AmpharosMega Ampharos,Electric,Dragon,90,95,105,165,110,45,2,FALSE,GUNA,0,9.2344395
182,Bellossom,Grass,,75,80,95,90,100,50,2,FALSE,GUNTUR,80.4365402,16.3066525
183,Marill,Water,Fairy,70,20,50,20,50,40,2,FALSE,GURDASPUR,75.403086,32.0413917
184,Azumarill,Water,Fairy,100,50,80,60,80,50,2,FALSE,GURGAON,77.0266383,28.4594965
185,Sudowoodo,Rock,,70,100,115,30,65,30,2,FALSE,GWALIOR,78.1828308,26.2182871
186,Politoed,Water,,90,75,75,90,100,70,2,FALSE,HAJIPUR,85.208324,25.6924354
187,Hoppip,Grass,Flying,35,35,40,35,55,50,2,FALSE,HAMIRPUR,76.5213092,31.6861745
188,Skiploom,Grass,Flying,55,45,50,45,65,80,2,FALSE,HAMIRPUR,76.5213092,31.6861745
189,Jumpluff,Grass,Flying,75,55,70,55,95,110,2,FALSE,HARDOI,80.1250479,27.3965071
190,Aipom,Normal,,55,70,55,40,55,85,2,FALSE,HARIDWAR,78.1642478,29.9456906
191,Sunkern,Grass,,30,30,30,30,30,30,2,FALSE,HASSAN,76.1003894,13.0033234
192,Sunflora,Grass,,75,75,55,105,85,30,2,FALSE,HATHRAS,78.0492265,27.5980718
193,Yanma,Bug,Flying,65,65,45,75,45,95,2,FALSE,HATKANANGLE,74.123996,16.9429263
194,Wooper,Water,Ground,55,45,45,25,25,15,2,FALSE,HAVERI,75.3990674,14.7950698
195,Quagsire,Water,Ground,95,85,85,65,65,35,2,FALSE,HAZARIBAGH,85.3636758,23.9924669
196,Espeon,Psychic,,65,65,60,130,95,110,2,FALSE,HINDUPUR,77.5009298,13.8222599
197,Umbreon,Dark,,95,65,110,60,130,65,2,FALSE,HINGOLI,77.1493722,19.7173703
198,Murkrow,Dark,Flying,60,85,42,85,42,91,2,FALSE,HISAR,75.7216527,29.1491875
199,Slowking,Water,Psychic,95,75,80,100,110,30,2,FALSE,HOOGHLY,88.3898552,22.9011588
200,Misdreavus,Ghost,,60,60,60,85,85,85,2,FALSE,HOSHANGABAD,77.7288655,22.7518961
201,Unown,Psychic,,48,72,48,72,48,48,2,FALSE,HOSHIARPUR,75.911483,31.5143178
202,Wobbuffet,Psychic,,190,33,58,33,58,33,2,FALSE,HOWRAH,88.2636394,22.5957689
203,Girafarig,Normal,Psychic,70,80,65,90,65,85,2,FALSE,HYDERABAD,78.486671,17.385044
204,Pineco,Bug,,50,65,90,35,35,15,2,FALSE,IDUKKI,76.9527836,9.8583987
205,Forretress,Bug,Steel,75,90,140,60,60,40,2,FALSE,INDORE,75.8577258,22.7195687
206,Dunsparce,Normal,,100,70,70,65,65,45,2,FALSE,INNER MANIPUR,93.8655303,24.7121881
207,Gligar,Ground,Flying,65,75,105,35,65,85,2,FALSE,JABALPUR,79.9864071,23.181467
208,Steelix,Steel,Ground,75,85,200,55,65,30,2,FALSE,JADAVPUR,88.3709008,22.4954988
208,SteelixMega Steelix,Steel,Ground,75,125,230,55,95,30,2,FALSE,JAGATSINGHPUR,86.1706221,20.2548998
209,Snubbull,Fairy,,60,80,50,40,40,30,2,FALSE,JAHANABAD,84.9853322,25.2132649
210,Granbull,Fairy,,90,120,75,60,60,45,2,FALSE,JAIPUR,0,0
211,Qwilfish,Water,Poison,65,95,75,55,55,85,2,FALSE,JAIPUR RURAL,75.9927652,27.307462
212,Scizor,Bug,Steel,70,130,100,55,80,65,2,FALSE,JAJPUR,86.3326058,20.8341019
212,ScizorMega Scizor,Bug,Steel,70,150,140,65,100,75,2,FALSE,JALANDHAR,75.5761829,31.3260152
213,Shuckle,Bug,Rock,20,10,230,10,230,5,2,FALSE,JALAUN,79.3296565,26.1458649
214,Heracross,Bug,Fighting,80,125,75,40,95,85,2,FALSE,JALGAON,75.5626039,21.0076578
214,HeracrossMega Heracross,Bug,Fighting,80,185,115,40,105,75,2,FALSE,JALNA,75.8816345,19.8346659
215,Sneasel,Dark,Ice,55,95,55,35,75,115,2,FALSE,JALORE,72.1416132,25.1256823
216,Teddiursa,Normal,,60,80,50,50,50,40,2,FALSE,JALPAIGURI,88.7195567,26.5214579
217,Ursaring,Normal,,90,130,75,75,75,55,2,FALSE,JAMMU,74.8570259,32.7266016
218,Slugma,Fire,,40,40,40,70,40,20,2,FALSE,JAMNAGAR,70.05773,22.4707019
219,Magcargo,Fire,Rock,50,50,120,80,80,30,2,FALSE,JAMSHEDPUR,86.2028754,22.8045665
220,Swinub,Ice,Ground,50,50,40,30,30,50,2,FALSE,JAMUI,86.224718,24.9195147
221,Piloswine,Ice,Ground,100,100,80,60,60,50,2,FALSE,JANGIPUR,88.1047287,24.4589833
222,Corsola,Water,Rock,55,55,85,65,85,35,2,FALSE,JANJGIR CHAMPA,82.4752757,21.9705529
223,Remoraid,Water,,35,65,35,65,35,65,2,FALSE,JAUNPUR,82.6837033,25.7464145
224,Octillery,Water,,75,105,75,105,75,45,2,FALSE,JAYNAGAR,86.1370148,26.5883988
225,Delibird,Ice,Flying,45,55,45,65,45,75,2,FALSE,JHALAWAR BARAN,76.5488232,24.5805983
226,Mantine,Water,Flying,65,40,70,80,140,70,2,FALSE,JHANJHARPUR,86.2769166,26.26197
227,Skarmory,Steel,Flying,65,80,140,40,70,70,2,FALSE,JHANSI,78.5684594,25.4484257
228,Houndour,Dark,Fire,45,60,30,80,50,65,2,FALSE,JHARGRAM,86.9974385,22.4549909
229,Houndoom,Dark,Fire,75,90,50,110,80,95,2,FALSE,JHUNJHUNU,75.4022233,28.1317038
229,HoundoomMega Houndoom,Dark,Fire,75,90,90,140,90,115,2,FALSE,JODHPUR,73.0243094,26.2389469
230,Kingdra,Water,Dragon,75,95,95,95,95,85,2,FALSE,JORHAT,94.2036696,26.7509207
231,Phanpy,Ground,,90,60,60,40,40,40,2,FALSE,JUNAGADH,70.4579436,21.5222203
232,Donphan,Ground,,90,120,120,60,60,50,2,FALSE,KACHCHH,69.8597406,23.7337326
233,Porygon2,Normal,,85,80,90,105,95,60,2,FALSE,KADAPA,78.8242089,14.4673154
234,Stantler,Normal,,73,95,62,85,65,85,2,FALSE,KAIRANA,77.2002745,29.3939892
235,Smeargle,Normal,,55,20,35,20,45,75,2,FALSE,KAISERGANJ,81.5473014,27.2514781
236,Tyrogue,Fighting,,35,35,35,35,35,35,2,FALSE,KAKINADA,82.2474648,16.9890648
237,Hitmontop,Fighting,,50,95,95,35,110,70,2,FALSE,KALAHANDI,83.1649001,19.9137363
238,Smoochum,Ice,Psychic,45,30,15,85,65,65,2,FALSE,KALIABOR,93.092296,26.534442
239,Elekid,Electric,,45,63,37,65,55,95,2,FALSE,KALLAKURICHI,78.9638899,11.7383735
240,Magby,Fire,,45,75,37,70,55,83,2,FALSE,KALYAN,73.1305395,19.2403305
241,Miltank,Normal,,95,80,105,40,70,100,2,FALSE,KANCHEEPURAM,79.6946586,12.818456
242,Blissey,Normal,,255,10,10,75,135,55,2,FALSE,KANDHAMAL,84.0167423,20.1342042
243,Raikou,Electric,,90,85,75,115,100,115,2,TRUE,KANGRA,76.2691006,32.0998031
244,Entei,Fire,,115,115,85,90,75,100,2,TRUE,KANKER,81.0754657,20.1990123
245,Suicune,Water,,100,75,115,90,115,85,2,TRUE,KANNAUJ,79.9136731,27.0514156
246,Larvitar,Rock,Ground,50,64,50,45,50,41,2,FALSE,KANNIYAKUMARI,77.5384507,8.0883064
247,Pupitar,Rock,Ground,70,84,70,65,70,51,2,FALSE,KANNUR,75.3703662,11.8744775
248,Tyranitar,Rock,Dark,100,134,110,95,100,61,2,FALSE,KANPUR,80.3318736,26.449923
248,TyranitarMega Tyranitar,Rock,Dark,100,164,150,95,120,71,2,FALSE,KANTHI,87.7517427,21.778109
249,Lugia,Psychic,Flying,106,90,130,90,154,110,2,TRUE,KARAKAT,84.2851541,25.1803303
250,Ho-oh,Fire,Flying,106,130,90,110,154,90,2,TRUE,KARAULI DHOLPUR,77.2864879,26.5071484
251,Celebi,Psychic,Grass,100,100,100,100,100,100,2,FALSE,KARIMGANJ,92.3591531,24.8649128
252,Treecko,Grass,,40,45,35,65,55,70,3,FALSE,KARIMNAGAR,79.1288412,18.4385553
253,Grovyle,Grass,,50,65,45,85,65,95,3,FALSE,KARNAL,76.9904825,29.6856929
254,Sceptile,Grass,,70,85,65,105,85,120,3,FALSE,KARUR,78.0766036,10.9600778
254,SceptileMega Sceptile,Grass,Dragon,70,110,75,145,85,145,3,FALSE,KASARAGOD,74.9869276,12.4995966
255,Torchic,Fire,,45,60,40,70,50,45,3,FALSE,KATIHAR,87.5591073,25.5540648
256,Combusken,Fire,Fighting,60,85,60,85,60,55,3,FALSE,KAUSHAMBI,81.4031707,25.361054
257,Blaziken,Fire,Fighting,80,120,70,110,70,80,3,FALSE,KENDRAPARA,86.4288534,20.4969108
257,BlazikenMega Blaziken,Fire,Fighting,80,160,80,130,80,100,3,FALSE,KEONJHAR,85.5816847,21.628933
258,Mudkip,Water,,50,70,50,50,50,40,3,FALSE,KHADOOR SAHIB,75.0990746,31.4235965
259,Marshtomp,Water,Ground,70,85,70,60,70,50,3,FALSE,KHAGARIA,86.4701416,25.50452
260,Swampert,Water,Ground,100,110,90,85,90,60,3,FALSE,KHAJURAHO,79.9198549,24.8318452
260,SwampertMega Swampert,Water,Ground,100,150,110,95,110,70,3,FALSE,KHAMMAM,80.1514447,17.2472528
261,Poochyena,Dark,,35,55,35,30,30,35,3,FALSE,KHANDWA,76.3497612,21.8314037
262,Mightyena,Dark,,70,90,70,60,60,70,3,FALSE,KHARGONE,75.6149893,21.8335244
263,Zigzagoon,Normal,,38,30,41,30,41,60,3,FALSE,KHEDA,72.6846658,22.750651
264,Linoone,Normal,,78,70,61,50,61,100,3,FALSE,KHERI,80.7962492,27.9064649
265,Wurmple,Bug,,45,45,35,20,30,20,3,FALSE,KHUNTI,85.2774207,23.0797595
266,Silcoon,Bug,,50,35,55,25,25,15,3,FALSE,KISHANGANJ,87.9450379,26.0982167
267,Beautifly,Bug,Flying,60,70,50,100,50,65,3,FALSE,KODARMA,85.5933645,24.4676805
268,Cascoon,Bug,,50,35,55,25,25,15,3,FALSE,KOKRAJHAR,90.266699,26.4014362
269,Dustox,Bug,Poison,60,50,70,50,90,65,3,FALSE,KOLAR,0,0
270,Lotad,Water,Grass,40,30,30,40,50,30,3,FALSE,KOLHAPUR,74.2432527,16.7049873
271,Lombre,Water,Grass,60,50,50,60,70,50,3,FALSE,KOLKATA DAKSHIN,88.314212,22.5038174
272,Ludicolo,Water,Grass,80,70,70,90,100,70,3,FALSE,KOLKATA UTTAR,88.372493,22.5759112
273,Seedot,Grass,,40,40,50,30,30,30,3,FALSE,KOLLAM,76.6141396,8.8932118
274,Nuzleaf,Grass,Dark,70,70,40,60,40,60,3,FALSE,KOPPAL,76.1567298,15.3504652
275,Shiftry,Grass,Dark,90,100,60,90,60,80,3,FALSE,KORAPUT,82.7123327,18.813487
276,Taillow,Normal,Flying,40,55,30,30,30,85,3,FALSE,KORBA,82.7500595,22.3594501
277,Swellow,Normal,Flying,60,85,60,50,50,125,3,FALSE,KOTA,0,0
278,Wingull,Water,Flying,40,30,30,55,30,85,3,FALSE,KOTTAYAM,76.5221531,9.5915668
279,Pelipper,Water,Flying,60,50,100,85,70,65,3,FALSE,KOZHIKODE,75.78041,11.2587531
280,Ralts,Psychic,Fairy,28,25,25,45,35,40,3,FALSE,KRISHNAGIRI,78.2149575,12.5265661
281,Kirlia,Psychic,Fairy,38,35,35,65,55,50,3,FALSE,KRISHNANAGAR,88.5021152,23.4013101
282,Gardevoir,Psychic,Fairy,68,65,65,125,115,80,3,FALSE,KURNOOL,78.0372792,15.8281257
282,GardevoirMega Gardevoir,Psychic,Fairy,68,85,65,165,135,100,3,FALSE,KURUKSHETRA,76.878282,29.9695121
283,Surskit,Bug,Water,40,30,32,50,52,65,3,FALSE,KUSHI NAGAR,83.8869698,26.7398787
284,Masquerain,Bug,Flying,70,60,62,80,82,60,3,FALSE,LADAKH,77.5619419,34.2268475
285,Shroomish,Grass,,60,40,60,40,60,35,3,FALSE,LAKHIMPUR,80.7787163,27.9462395
286,Breloom,Grass,Fighting,60,130,80,60,60,70,3,FALSE,LAKSHADWEEP,72.7846336,10.3280265
287,Slakoth,Normal,,60,60,60,35,35,30,3,FALSE,LALGANJ,80.9705292,26.1650564
288,Vigoroth,Normal,,80,80,80,55,55,90,3,FALSE,LATUR,76.5603828,18.4087934
289,Slaking,Normal,,150,160,100,95,65,100,3,FALSE,LOHARDAGA,84.6845216,23.4409325
290,Nincada,Bug,Ground,31,45,90,30,30,40,3,FALSE,LUCKNOW,80.946166,26.8466937
291,Ninjask,Bug,Flying,61,90,45,50,50,160,3,FALSE,LUDHIANA,75.8572758,30.900965
292,Shedinja,Bug,Ghost,1,90,45,30,30,40,3,FALSE,MACHHLISHAHR,82.4129729,25.6873691
293,Whismur,Normal,,64,51,23,51,23,28,3,FALSE,MACHILIPATNAM,81.1302716,16.1808917
294,Loudred,Normal,,84,71,43,71,43,48,3,FALSE,MADHA,0,0
295,Exploud,Normal,,104,91,63,91,73,68,3,FALSE,MADHEPURA,86.7946387,25.9239677
296,Makuhita,Fighting,,72,60,30,20,30,25,3,FALSE,MADHUBANI,86.0711661,26.3482938
297,Hariyama,Fighting,,144,120,60,40,60,50,3,FALSE,MADURAI,78.1197754,9.9252007
298,Azurill,Normal,Fairy,50,20,40,20,40,20,3,FALSE,MAHABUBABAD,80.0036199,17.602625
299,Nosepass,Rock,,30,45,135,45,90,30,3,FALSE,MAHARAJGANJ,83.5621737,27.1446035
300,Skitty,Normal,,50,45,45,35,35,50,3,FALSE,MAHARAJGANJ,83.5621737,27.1446035
301,Delcatty,Normal,,70,65,65,55,55,70,3,FALSE,MAHASAMUND,82.095962,21.1124067
302,Sableye,Dark,Ghost,50,75,75,65,65,50,3,FALSE,MAHBUBNAGAR,78.0035172,16.7488379
302,SableyeMega Sableye,Dark,Ghost,50,85,125,85,115,20,3,FALSE,MAHESANA,72.3693252,23.5879607
303,Mawile,Steel,Fairy,50,85,85,55,55,50,3,FALSE,MAINPURI,79.0251659,27.2281937
303,MawileMega Mawile,Steel,Fairy,50,105,125,55,95,50,3,FALSE,MALAPPURAM,76.0710967,11.0509762
304,Aron,Steel,Rock,50,70,100,40,40,30,3,FALSE,MALDAHA DAKSHIN,87.972681,24.8430682
305,Lairon,Steel,Rock,60,90,140,50,50,40,3,FALSE,MALDAHA UTTAR,88.2461183,25.1785773
306,Aggron,Steel,Rock,70,110,180,60,60,50,3,FALSE,MALKAJGIRI,78.5322481,17.4503375
306,AggronMega Aggron,Steel,,70,140,230,60,80,50,3,FALSE,MANDI,0,0
307,Meditite,Fighting,Psychic,30,40,55,40,55,60,3,FALSE,MANDLA,80.3713855,22.5979218
308,Medicham,Fighting,Psychic,60,60,75,60,75,80,3,FALSE,MANDSOUR,75.0679018,24.0734356
308,MedichamMega Medicham,Fighting,Psychic,60,100,85,80,85,100,3,FALSE,MANDYA,76.8951488,12.5218157
309,Electrike,Electric,,40,45,40,65,40,65,3,FALSE,MANGALDOI,92.0322172,26.44632
310,Manectric,Electric,,70,75,60,105,60,105,3,FALSE,MATHURA,77.673673,27.4924134
310,ManectricMega Manectric,Electric,,70,75,80,135,80,135,3,FALSE,MATHURAPUR,88.3943282,22.1202674
311,Plusle,Electric,,60,50,40,85,75,95,3,FALSE,MAVAL,0,0
312,Minun,Electric,,60,40,50,75,85,95,3,FALSE,MAVELIKKARA,76.5314817,9.2384874
313,Volbeat,Bug,,65,73,55,47,75,85,3,FALSE,MAYILADUTHURAI,79.6525686,11.1017705
314,Illumise,Bug,,65,47,55,73,75,85,3,FALSE,MAYURBHANJ,86.4187308,22.0086978
315,Roselia,Grass,Poison,50,60,45,100,80,65,3,FALSE,MEDAK,78.261853,18.0529357
316,Gulpin,Poison,,70,43,53,43,53,40,3,FALSE,MEDINIPUR,87.3198819,22.4256613
317,Swalot,Poison,,100,73,83,73,83,55,3,FALSE,MEERUT,77.7064137,28.9844618
318,Carvanha,Water,Dark,45,90,20,65,20,65,3,FALSE,MIRZAPUR,0,0
319,Sharpedo,Water,Dark,70,120,40,95,40,95,3,FALSE,MISRIKH,80.5299541,27.4292761
319,SharpedoMega Sharpedo,Water,Dark,70,140,70,110,65,105,3,FALSE,MIZORAM,92.9375739,23.164543
320,Wailmer,Water,,130,70,35,70,35,60,3,FALSE,MOHANLALGANJ,80.9880191,26.6854584
321,Wailord,Water,,170,90,45,90,45,60,3,FALSE,MORADABAD,78.7733286,28.8386481
322,Numel,Fire,Ground,60,60,40,65,45,35,3,FALSE,MORENA,0,0
323,Camerupt,Fire,Ground,70,100,70,105,75,40,3,FALSE,MUHIDABAD,88.2801785,24.1759039
323,CameruptMega Camerupt,Fire,Ground,70,120,100,145,105,20,3,FALSE,MUMBAI NORTH,72.8633635,19.1411973
324,Torkoal,Fire,,70,85,140,85,70,20,3,FALSE,MUMBAI NORTH CENTRAL,72.8633635,19.0722214
325,Spoink,Psychic,,60,25,35,70,80,60,3,FALSE,MUMBAI NORTH EAST,72.9342451,19.1249534
326,Grumpig,Psychic,,80,45,65,90,110,80,3,FALSE,MUMBAI NORTH WEST,72.8633635,19.1411973
327,Spinda,Normal,,60,60,60,60,60,60,3,FALSE,MUMBAI SOUTH,72.8776559,19.0759837
328,Trapinch,Ground,,45,100,45,45,45,10,3,FALSE,MUMBAI SOUTH CENTRAL,72.9106202,19.0307289
329,Vibrava,Ground,Dragon,50,70,50,50,50,70,3,FALSE,MUNGER,0,0
330,Flygon,Ground,Dragon,80,100,80,80,80,100,3,FALSE,MUZAFFARNAGAR,77.7085091,29.4726817
331,Cacnea,Grass,,50,85,40,85,40,35,3,FALSE,MUZAFFARPUR,85.390982,26.1196607
332,Cacturne,Grass,Dark,70,115,60,115,60,55,3,FALSE,MYSORE,76.6393805,12.2958104
333,Swablu,Normal,Flying,45,40,60,40,75,50,3,FALSE,NAAPURAM,75.6552401,11.6839585
334,Altaria,Dragon,Flying,75,70,90,70,105,80,3,FALSE,NABARANGPUR,82.5469898,19.2281434
334,AltariaMega Altaria,Dragon,Fairy,75,110,110,110,105,80,3,FALSE,NAGALAND,94.5624426,26.1584354
335,Zangoose,Normal,,73,115,60,60,60,90,3,FALSE,NAGAPATTINAM,79.8448512,10.7672313
336,Seviper,Poison,,73,100,60,100,60,65,3,FALSE,NAGARKURNOOL,78.3102489,16.4939417
337,Lunatone,Rock,Psychic,70,55,65,95,85,70,3,FALSE,NAGAUR,73.7493272,27.1983368
338,Solrock,Rock,Psychic,70,95,85,55,65,70,3,FALSE,NAGINA,0,0
339,Barboach,Water,Ground,50,48,43,46,41,60,3,FALSE,NAGPUR,79.0881546,21.1458004
340,Whiscash,Water,Ground,110,78,73,76,71,60,3,FALSE,NAINITAL-UDHAMSINGH NAGAR,79.1510421,29.1637099
341,Corphish,Water,,43,80,65,50,35,35,3,FALSE,NALANDA,0,0
342,Crawdaunt,Water,Dark,63,120,85,90,55,55,3,FALSE,NALGONDA,79.2684169,17.0574663
343,Baltoy,Ground,Psychic,40,40,55,40,70,55,3,FALSE,NAMAKKAL,78.1673575,11.2188958
344,Claydol,Ground,Psychic,60,70,105,70,120,75,3,FALSE,NANDED,77.3209555,19.1382514
345,Lileep,Rock,Grass,66,41,77,61,87,23,3,FALSE,NANDURBAR,74.123996,21.7468548
346,Cradily,Rock,Grass,86,81,97,81,107,43,3,FALSE,NANDYAL,78.487285,15.4776876
347,Anorith,Rock,Bug,45,95,50,40,50,75,3,FALSE,NARASARAOPET,80.0496499,16.2359181
348,Armaldo,Rock,Bug,75,125,100,70,80,45,3,FALSE,NASHIK,73.7898023,19.9974533
349,Feebas,Water,,20,15,20,10,55,80,3,FALSE,NAVSARI,72.9520348,20.9467019
350,Milotic,Water,,95,60,79,100,125,81,3,FALSE,NAWADA,85.5434572,24.8866859
351,Castform,Normal,,70,70,70,70,70,70,3,FALSE,NAWGONG,79.4396622,25.0622533
352,Kecleon,Normal,,60,90,70,60,120,40,3,FALSE,NELLORE,79.986456,14.4425987
353,Shuppet,Ghost,,44,75,35,63,33,45,3,FALSE,NEW DELHI,77.2090212,28.6139391
354,Banette,Ghost,,64,115,65,83,63,65,3,FALSE,NILGIRIS,76.7336521,11.4916043
354,BanetteMega Banette,Ghost,,64,165,75,93,83,75,3,FALSE,NIZAMABAD,78.0940867,18.6725047
355,Duskull,Ghost,,20,40,90,30,90,25,3,FALSE,NORTH EAST DELHI,77.2580268,28.7183693
356,Dusclops,Ghost,,40,70,130,60,130,25,3,FALSE,NORTH GOA,73.9830029,15.5163112
357,Tropius,Grass,Flying,99,68,83,72,87,51,3,FALSE,NORTH WEST DELHI,77.0685134,28.7186211
358,Chimecho,Psychic,,65,50,70,95,80,65,3,FALSE,ONGOLE,80.049922,15.5057232
359,Absol,Dark,,65,130,60,75,60,75,3,FALSE,OSMANABAD,76.0419642,18.185332
359,AbsolMega Absol,Dark,,65,150,60,115,60,115,3,FALSE,OUTER MANIPUR,93.2583626,24.2993576
360,Wynaut,Psychic,,95,23,48,23,48,23,3,FALSE,PALAKKAD,76.5488232,10.9512736
361,Snorunt,Ice,,50,50,50,50,50,50,3,FALSE,PALAMU,84.1857115,24.1286106
362,Glalie,Ice,,80,80,80,80,80,80,3,FALSE,PALGHAR,72.769885,19.6967136
362,GlalieMega Glalie,Ice,,80,120,80,120,80,100,3,FALSE,PALI,0,0
363,Spheal,Ice,Water,70,40,50,55,50,25,3,FALSE,PANCHMAHAL,73.6330166,22.7770479
364,Sealeo,Ice,Water,90,60,70,75,70,45,3,FALSE,PARBHANI,76.774776,19.2608384
365,Walrein,Ice,Water,110,80,90,95,90,65,3,FALSE,ADILABAD,78.5320107,19.6640624
366,Clamperl,Water,,35,64,85,74,55,32,3,FALSE,AGRA,78.0080745,27.1766701
367,Huntail,Water,,55,104,105,94,75,52,3,FALSE,AHMEDABAD EAST,72.7570024,23.2216974
368,Gorebyss,Water,,55,84,105,114,75,52,3,FALSE,AHMEDABAD WEST,72.5914616,23.041727
369,Relicanth,Water,Rock,100,90,130,45,65,55,3,FALSE,AHMEDNAGAR,74.7479789,19.0948287
370,Luvdisc,Water,,43,30,55,40,65,97,3,FALSE,AJMER,74.6399163,26.4498954
371,Bagon,Dragon,,45,75,60,40,30,50,3,FALSE,AKOLA,0,0
372,Shelgon,Dragon,,65,95,100,60,50,50,3,FALSE,ALAPPUZHA,76.3388484,9.4980667
373,Salamence,Dragon,Flying,95,135,80,110,80,100,3,FALSE,ALATHUR,76.5458462,10.6453971
373,SalamenceMega Salamence,Dragon,Flying,95,145,130,120,90,120,3,FALSE,ALIGARH,78.0880129,27.8973944
374,Beldum,Steel,Psychic,40,55,80,35,60,30,3,FALSE,ALIPURDUA,89.5319627,26.4922164
375,Metang,Steel,Psychic,60,75,100,55,80,50,3,FALSE,ALLAHABAD,81.846311,25.4358011
376,Metagross,Steel,Psychic,80,135,130,95,90,70,3,FALSE,ALMORA,79.646666,29.5892407
376,MetagrossMega Metagross,Steel,Psychic,80,145,150,105,110,110,3,FALSE,ALWAR,76.6345735,27.5529907
377,Regirock,Rock,,80,100,200,50,100,50,3,TRUE,AMALAPURAM,82.0031455,16.5774798
378,Regice,Ice,,80,50,100,100,200,50,3,TRUE,AMBALA,76.782122,30.3752011
379,Registeel,Steel,,80,75,150,75,150,50,3,TRUE,AMBEDKAR NAGAR,82.6915429,26.4683952
380,Latias,Dragon,Psychic,80,80,90,110,130,110,3,TRUE,AMETHI,81.814238,26.1540538
380,LatiasMega Latias,Dragon,Psychic,80,100,120,140,150,110,3,TRUE,AMRAVATI,77.7523039,20.9319821
381,Latios,Dragon,Psychic,80,90,80,130,110,110,3,TRUE,AMRELI,71.2203555,21.6015242
381,LatiosMega Latios,Dragon,Psychic,80,130,100,160,120,110,3,TRUE,AMRITSAR,74.8722642,31.6339793
382,Kyogre,Water,,100,100,90,150,140,90,3,TRUE,AMROHA,78.467318,28.9051778
382,KyogrePrimal Kyogre,Water,,100,150,90,180,160,90,3,TRUE,ANAKAPALLE,83.0023634,17.6896435
383,Groudon,Ground,,100,150,140,100,90,90,3,TRUE,ANAND,0,0
383,GroudonPrimal Groudon,Ground,Fire,100,180,160,150,90,90,3,TRUE,ANANDPUR SAHIB,76.5012734,31.2355318
384,Rayquaza,Dragon,Flying,105,150,90,150,90,95,3,TRUE,ANANTAPUR,77.6005911,14.6818877
384,RayquazaMega Rayquaza,Dragon,Flying,105,180,100,180,100,115,3,TRUE,ANANTNAG,75.1487007,33.7311255
385,Jirachi,Steel,Psychic,100,100,100,100,100,100,3,TRUE,ANDAMAN AND NICOBAR ISLANDS,92.6586401,11.7400867
386,DeoxysNormal Forme,Psychic,,50,150,50,150,50,150,3,TRUE,AONLA,79.1604971,28.2699017
386,DeoxysAttack Forme,Psychic,,50,180,20,180,20,150,3,TRUE,ARAKKONAM,79.6704128,13.0840593
386,DeoxysDefense Forme,Psychic,,50,70,160,70,160,90,3,TRUE,ARAKU,82.8775218,18.3273486
386,DeoxysSpeed Forme,Psychic,,50,95,90,95,90,180,3,TRUE,ARAMBAG,87.7909507,22.8765026
387,Turtwig,Grass,,55,68,64,45,55,31,4,FALSE,ARANI,0,0
388,Grotle,Grass,,75,89,85,55,65,36,4,FALSE,ARARIA,87.4528067,26.1324689
389,Torterra,Grass,Ground,95,109,105,75,85,56,4,FALSE,ARRAH,84.6664797,25.5541358
390,Chimchar,Fire,,44,58,44,58,44,61,4,FALSE,ARUNACHAL EAST,95.8987139,28.3590669
391,Monferno,Fire,Fighting,64,78,52,78,52,81,4,FALSE,ARUNACHAL WEST,93.4195527,27.5077359
392,Infernape,Fire,Fighting,76,104,71,104,71,108,4,FALSE,ASANSOL,86.9660638,23.6888636
393,Piplup,Water,,53,51,53,61,56,40,4,FALSE,ASKA,0,0
394,Prinplup,Water,,64,66,68,81,76,50,4,FALSE,ATTINGAL,76.8136569,8.6982226
395,Empoleon,Water,Steel,84,86,88,111,101,60,4,FALSE,AURANGABAD,75.3433139,19.8761653
396,Starly,Normal,Flying,40,55,30,30,30,60,4,FALSE,AURANGABAD,75.3433139,19.8761653
397,Staravia,Normal,Flying,55,75,50,40,40,80,4,FALSE,AUTONOMOUS DISTRICT,0,0
398,Staraptor,Normal,Flying,85,120,70,50,60,100,4,FALSE,AZAMGARH,83.1859495,26.0739138
399,Bidoof,Normal,,59,45,40,35,40,31,4,FALSE,BADAUN,79.1271229,28.0311101
400,Bibarel,Normal,Water,79,85,60,55,60,71,4,FALSE,BAGALKOT,75.6615029,16.1691096
401,Kricketot,Bug,,37,25,41,25,41,25,4,FALSE,BAGHPAT,77.227607,28.9427827
402,Kricketune,Bug,,77,85,51,55,51,65,4,FALSE,BAHARAMPUR,88.268411,24.0982607
403,Shinx,Electric,,45,65,34,40,34,45,4,FALSE,BAHRAICH,81.5976672,27.5705152
404,Luxio,Electric,,60,85,49,60,49,60,4,FALSE,BALAGHAT,80.1838293,21.812876
405,Luxray,Electric,,80,120,79,95,79,70,4,FALSE,BALASORE,86.9134794,21.4933578
406,Budew,Grass,Poison,40,30,35,50,70,55,4,FALSE,BALLIA,84.1857115,25.8307174
407,Roserade,Grass,Poison,60,70,65,125,105,90,4,FALSE,BALURGHAT,88.7830612,25.2372834
408,Cranidos,Rock,,67,125,40,30,30,58,4,FALSE,BANASKANTHA,71.7622481,24.3454739
409,Rampardos,Rock,,97,165,60,65,50,58,4,FALSE,BANDA,0,0
410,Shieldon,Rock,Steel,30,42,118,42,88,30,4,FALSE,BANGALORE CENTRAL,77.5980174,12.8915077
411,Bastiodon,Rock,Steel,60,52,168,47,138,30,4,FALSE,BANGALORE NORTH,77.5945627,12.9715987
412,Burmy,Bug,,40,29,45,29,45,36,4,FALSE,BANGALORE RURAL,77.6077865,13.2846993
413,WormadamPlant Cloak,Bug,Grass,60,59,85,79,105,36,4,FALSE,BANGALORE SOUTH,76.4158129,17.0711874
413,WormadamSandy Cloak,Bug,Ground,60,79,105,59,85,36,4,FALSE,BANGAON,88.8291109,23.0467269
413,WormadamTrash Cloak,Bug,Steel,60,69,95,69,95,36,4,FALSE,BANKA,0,0
414,Mothim,Bug,Flying,70,94,50,94,50,66,4,FALSE,BANKURA,87.0783875,23.2312686
415,Combee,Bug,Flying,30,30,42,30,42,70,4,FALSE,BANSGAON,83.346786,26.5490299
416,Vespiquen,Bug,Flying,70,80,102,80,102,40,4,FALSE,BANSWARA,74.4349761,23.5461394
417,Pachirisu,Electric,,60,45,70,45,90,95,4,FALSE,BAPATLA,80.4671375,15.9039445
418,Buizel,Water,,55,65,35,60,30,85,4,FALSE,BARABANKI,81.1833809,26.9268042
419,Floatzel,Water,,85,105,55,85,50,115,4,FALSE,BARAMATI,74.6077971,18.1791791
420,Cherubi,Grass,,45,35,45,62,53,35,4,FALSE,BARAMULLA,74.3499496,34.1990498
421,Cherrim,Grass,,70,60,70,87,78,85,4,FALSE,BARASAT,88.4789351,22.7247556
422,Shellos,Water,,76,48,48,57,62,34,4,FALSE,BARDHAMAN DURGAPUR,87.3119227,23.5204443
423,Gastrodon,Water,Ground,111,83,68,92,82,39,4,FALSE,BARDHAMAN PURBA,88.050979,23.1321751
424,Ambipom,Normal,,75,100,66,60,66,115,4,FALSE,BARDOLI,73.1122499,21.1255374
425,Drifloon,Ghost,Flying,90,50,34,60,44,70,4,FALSE,BAREILLY,79.4304381,28.3670355
426,Drifblim,Ghost,Flying,150,80,44,90,54,80,4,FALSE,BARGARH,83.6320212,21.3470154
427,Buneary,Normal,,55,66,44,44,56,85,4,FALSE,BARMER,71.3966865,25.7521467
428,Lopunny,Normal,,65,76,84,54,96,105,4,FALSE,BARPETA,90.9820668,26.3215985
428,LopunnyMega Lopunny,Normal,Fighting,65,136,94,54,96,135,4,FALSE,BARRACKPUR,88.3883455,22.7674278
429,Mismagius,Ghost,,60,60,60,105,105,105,4,FALSE,BASIRHAT,88.8572047,22.6590646
430,Honchkrow,Dark,Flying,100,125,52,105,52,71,4,FALSE,BASTAR,81.9534815,19.1071317
431,Glameow,Normal,,49,55,42,42,37,85,4,FALSE,BASTI,82.7629893,26.8139844
432,Purugly,Normal,,71,82,64,64,59,112,4,FALSE,BATHINDA,74.9454745,30.210994
433,Chingling,Psychic,,45,30,50,65,50,45,4,FALSE,BEED,75.7531324,18.990088
434,Stunky,Poison,Dark,63,63,47,41,41,74,4,FALSE,BEGUSARAI,86.1271542,25.4181638
435,Skuntank,Poison,Dark,103,93,67,71,61,84,4,FALSE,BELGAUM,74.4976741,15.8496953
436,Bronzor,Steel,Psychic,57,24,86,24,86,23,4,FALSE,BELLARY,76.9214428,15.1393932
437,Bronzong,Steel,Psychic,67,89,116,79,116,33,4,FALSE,BERHAMPUR,84.7940911,19.3149618
438,Bonsly,Rock,,50,80,95,10,45,10,4,FALSE,BETUL,77.8960201,21.9011601
439,Mime Jr.,Psychic,Fairy,20,25,45,70,90,60,4,FALSE,BHADOHI,82.5676981,25.3804531
440,Happiny,Normal,,100,5,5,15,65,30,4,FALSE,BHADRAK,86.4962996,21.0573616
441,Chatot,Normal,Flying,76,65,45,92,42,91,4,FALSE,BHAGALPUR,86.9842256,25.242453
442,Spiritomb,Ghost,Dark,50,92,108,92,108,35,4,FALSE,BHANDARA GONDIYA,79.9192702,20.9847143
443,Gible,Dragon,Ground,58,70,45,40,45,42,4,FALSE,BHARATPUR,77.5029996,27.2151863
444,Gabite,Dragon,Ground,68,90,65,50,55,82,4,FALSE,BHARUCH,72.9958748,21.7051358
445,Garchomp,Dragon,Ground,108,130,95,80,85,102,4,FALSE,BHAVNAGAR,72.1519304,21.7644725
445,GarchompMega Garchomp,Dragon,Ground,108,170,115,120,95,92,4,FALSE,BHILWARA,74.6313183,25.3407388
446,Munchlax,Normal,,135,85,40,40,85,5,4,FALSE,BHIND,78.7860916,26.5637768
447,Riolu,Fighting,,40,70,40,35,40,60,4,FALSE,BHIWANDI,73.0482912,19.2812547
448,Lucario,Fighting,Steel,70,110,70,115,70,90,4,FALSE,BHIWANI MAHENDRAGARH,75.9927652,28.5923723
448,LucarioMega Lucario,Fighting,Steel,70,145,88,140,70,112,4,FALSE,BHONGIR,78.8802139,17.507769
449,Hippopotas,Ground,,68,72,78,38,42,32,4,FALSE,BHOPAL,77.412615,23.2599333
450,Hippowdon,Ground,,108,112,118,68,72,47,4,FALSE,BHUBANESWAR,85.8245398,20.2960587
451,Skorupi,Poison,Bug,40,50,90,30,55,65,4,FALSE,BIDAR,77.5199079,17.9103939
452,Drapion,Poison,Dark,70,90,110,60,75,95,4,FALSE,BIJAPUR,75.710031,16.8301708
453,Croagunk,Poison,Fighting,48,61,40,61,40,50,4,FALSE,BIJNOR,78.1350904,29.3731673
454,Toxicroak,Poison,Fighting,83,106,65,86,65,85,4,FALSE,BIKANER,73.3119159,28.0229348
455,Carnivine,Grass,,74,100,72,90,72,46,4,FALSE,BILASPUR,82.1409152,22.0796545
456,Finneon,Water,,49,49,56,49,61,66,4,FALSE,BIRBHUM,87.6186379,23.8401675
457,Lumineon,Water,,69,69,76,69,86,91,4,FALSE,BISHNUPUR,87.3214681,23.067179
458,Mantyke,Water,Flying,45,20,50,60,120,50,4,FALSE,BOLANGIR,83.4846069,20.7011108
459,Snover,Grass,Ice,60,62,50,62,60,40,4,FALSE,BOLPUR,87.6918921,23.671195
460,Abomasnow,Grass,Ice,90,92,75,92,85,60,4,FALSE,BULANDSHAHR,77.8498292,28.406963
460,AbomasnowMega Abomasnow,Grass,Ice,90,132,105,132,105,30,4,FALSE,BULDHANA,76.1841701,20.5292147
461,Weavile,Dark,Ice,70,120,65,45,85,125,4,FALSE,BUXAR,83.9777482,25.5647103
462,Magnezone,Electric,Steel,70,70,115,130,90,60,4,FALSE,CHALAKUDY,76.3340589,10.3070105
463,Lickilicky,Normal,,110,85,95,80,95,50,4,FALSE,CHAMARAJANAGAR,76.9437312,11.9261471
464,Rhyperior,Ground,Rock,115,140,130,55,55,40,4,FALSE,CHANDAULI,83.264538,25.2604696
465,Tangrowth,Grass,,100,100,125,110,50,50,4,FALSE,CHANDIGARH,76.7794179,30.7333148
466,Electivire,Electric,,75,123,67,95,85,95,4,FALSE,CHANDNI CHOWK,77.230337,28.6505331
467,Magmortar,Fire,,75,95,67,125,95,83,4,FALSE,CHANDRAPUR,79.2961468,19.9615398
468,Togekiss,Fairy,Flying,85,50,95,120,115,80,4,FALSE,CHATRA,84.871802,24.2065446
469,Yanmega,Bug,Flying,86,76,86,116,56,95,4,FALSE,CHENNAI CENTRAL,80.2755486,13.0823077
470,Leafeon,Grass,,65,110,130,60,65,95,4,FALSE,CHENNAI NORTH,80.2707184,13.0826802
471,Glaceon,Ice,,65,60,110,130,95,65,4,FALSE,CHENNAI SOUTH,80.2707184,13.0826802
472,Gliscor,Ground,Flying,75,95,125,45,75,95,4,FALSE,CHEVELLA,78.138541,17.3123703
473,Mamoswine,Ice,Ground,110,130,80,70,60,80,4,FALSE,CHHINDWARA,78.9381729,22.057437
474,Porygon-Z,Normal,,85,80,70,135,75,90,4,FALSE,CHHOTA UDAIPUR,74.0119993,22.3084941
475,Gallade,Psychic,Fighting,68,125,65,65,115,80,4,FALSE,CHIDAMBARAM,79.6912455,11.4070449
475,GalladeMega Gallade,Psychic,Fighting,68,165,95,65,115,110,4,FALSE,CHIKKBALLAPUR,77.7315344,13.4354985
476,Probopass,Rock,Steel,60,55,145,75,150,40,4,FALSE,CHIKKODI,74.5878546,16.4291905
477,Dusknoir,Ghost,,45,100,135,65,135,45,4,FALSE,CHITRADURGA,76.3980464,14.2250932
478,Froslass,Ice,Ghost,70,80,70,80,70,110,4,FALSE,CHITTOOR,79.1003289,13.217176
479,Rotom,Electric,Ghost,50,50,77,95,77,91,4,FALSE,CHITTORGARH,74.6229699,24.8829177
479,RotomHeat Rotom,Electric,Fire,50,65,107,105,107,86,4,FALSE,CHURU,74.9707262,28.2925364
479,RotomWash Rotom,Electric,Water,50,65,107,105,107,86,4,FALSE,COIMBATORE,76.9558321,11.0168445
479,RotomFrost Rotom,Electric,Ice,50,65,107,105,107,86,4,FALSE,COOCH BEHAR,89.4482079,26.3452397
479,RotomFan Rotom,Electric,Flying,50,65,107,105,107,86,4,FALSE,CUDDALORE,79.7713687,11.7480419
479,RotomMow Rotom,Electric,Grass,50,65,107,105,107,86,4,FALSE,CUTTACK,85.8829895,20.462521
480,Uxie,Psychic,,75,75,130,75,130,95,4,TRUE,DADRA AND NAGAR HAVELI,73.0169135,20.1808672
481,Mesprit,Psychic,,80,105,105,105,105,80,4,TRUE,DAHOD,74.2606185,22.8344992
482,Azelf,Psychic,,75,125,70,125,70,115,4,TRUE,DAKSHINA KANNADA,75.2479061,12.8437814
483,Dialga,Steel,Dragon,100,120,120,150,100,90,4,TRUE,DAMAN AND DIU,72.8327991,20.3973736
484,Palkia,Water,Dragon,90,120,100,150,120,100,4,TRUE,DAMOH,79.4386591,23.8323022
485,Heatran,Fire,Steel,91,90,106,130,106,77,4,TRUE,DARBHANGA,85.8918454,26.1542045
486,Regigigas,Normal,,110,160,110,80,110,100,4,TRUE,DARJEELING,88.2662745,27.0410218
487,GiratinaAltered Forme,Ghost,Dragon,150,100,120,100,120,90,4,TRUE,DAUSA,76.332411,26.8996953
487,GiratinaOrigin Forme,Ghost,Dragon,150,120,100,120,100,90,4,TRUE,DAVANAGERE,75.921758,14.4644085
488,Cresselia,Psychic,,120,70,120,75,130,85,4,FALSE,DEORIA,83.7791283,26.5024286
489,Phione,Water,,80,80,80,80,80,80,4,FALSE,DEWAS,76.0534454,22.9675929
490,Manaphy,Water,,100,100,100,100,100,100,4,FALSE,DHANBAD,86.4303859,23.7956531
491,Darkrai,Dark,,70,90,90,135,90,125,4,TRUE,DHAR,0,0
492,ShayminLand Forme,Grass,,100,100,100,100,100,100,4,TRUE,DHARMAPURI,78.1582143,12.1210997
492,ShayminSky Forme,Grass,Flying,100,103,75,120,75,127,4,TRUE,DHARWAD,75.007808,15.4589236
493,Arceus,Normal,,120,120,120,120,120,120,4,TRUE,DHAURAHRA,81.0354406,27.3565321
494,Victini,Psychic,Fire,100,100,100,100,100,100,5,TRUE,DHENKANAL,85.5981223,20.6504753
495,Snivy,Grass,,45,45,55,45,55,63,5,FALSE,DHUBRI,89.9743463,26.0206982
496,Servine,Grass,,60,60,75,60,75,83,5,FALSE,DHULE,74.7748979,20.9042201
497,Serperior,Grass,,75,75,95,75,95,113,5,FALSE,DIAMOND HARBOUR,88.1894876,22.1926884
498,Tepig,Fire,,65,63,45,45,45,45,5,FALSE,DIBRUGARH,94.9119621,27.4728327
499,Pignite,Fire,Fighting,90,93,55,70,55,55,5,FALSE,DINDIGUL,77.9694579,10.3623794
500,Emboar,Fire,Fighting,110,123,65,100,65,65,5,FALSE,DINDORI,81.0754657,22.8457457
501,Oshawott,Water,,55,55,45,63,45,45,5,FALSE,DOMARIYAGANJ,82.6525739,27.20781
502,Dewott,Water,,75,75,60,83,60,60,5,FALSE,DUM DUM,0,0
503,Samurott,Water,,95,100,85,108,70,70,5,FALSE,DUMKA,87.2488088,24.2684794
504,Patrat,Normal,,45,55,39,35,39,42,5,FALSE,DURG,81.2849169,21.1904494
505,Watchog,Normal,,60,85,69,60,69,77,5,FALSE,EAST DELHI,77.2956273,28.6279559
506,Lillipup,Normal,,45,60,45,25,45,55,5,FALSE,ELURU,81.0952431,16.7106604
507,Herdier,Normal,,65,80,65,35,65,60,5,FALSE,ERNAKULAM,76.2998842,9.9816358
508,Stoutland,Normal,,85,110,90,45,90,80,5,FALSE,ERODE,77.7171642,11.3410364
509,Purrloin,Dark,,41,50,37,50,37,66,5,FALSE,ETAH,78.6654148,27.5625106
510,Liepard,Dark,,64,88,50,88,50,106,5,FALSE,ETAWAH,79.027659,26.7829103
511,Pansage,Grass,,50,53,48,53,48,64,5,FALSE,FAIZABAD,82.1457934,26.7729751
512,Simisage,Grass,,75,98,63,98,63,101,5,FALSE,FARIDABAD,77.3177894,28.4089123
513,Pansear,Fire,,50,53,48,53,48,64,5,FALSE,FARIDKOT,74.7583351,30.6769462
514,Simisear,Fire,,75,98,63,98,63,101,5,FALSE,FARRUKHABAD,79.5840195,27.3825853
515,Panpour,Water,,50,53,48,53,48,64,5,FALSE,FATEHGARH SAHIB,76.39703,30.6435345
516,Simipour,Water,,75,98,63,98,63,101,5,FALSE,FATEHPUR,80.7996035,25.9209503
517,Munna,Psychic,,76,25,45,67,55,24,5,FALSE,FATEHPUR SIKRI,77.6679292,27.0945291
518,Musharna,Psychic,,116,55,85,107,95,29,5,FALSE,FIROZABAD,78.3957331,27.1591961
519,Pidove,Normal,Flying,50,55,50,36,30,43,5,FALSE,FIROZPUR,74.6224755,30.9331348
520,Tranquill,Normal,Flying,62,77,62,50,42,65,5,FALSE,GADCHIROLI CHIMUR,80.2767327,19.4968732
521,Unfezant,Normal,Flying,80,115,80,65,55,93,5,FALSE,GANDHINAGAR,72.6369415,23.2156354
522,Blitzle,Electric,,45,60,32,50,32,76,5,FALSE,GANGANAGAR,73.8799805,29.9093759
523,Zebstrika,Electric,,75,100,63,80,63,116,5,FALSE,GARHWAL,78.8382644,29.8687682
524,Roggenrola,Rock,,55,75,85,25,25,15,5,FALSE,GAUHATI,91.7362365,26.1445169
525,Boldore,Rock,,70,105,105,50,40,20,5,FALSE,GAUTAM BUDDHA NAGAR,77.6077865,28.338333
526,Gigalith,Rock,,85,135,130,60,80,25,5,FALSE,GAYA,85.0002336,24.7913957
527,Woobat,Psychic,Flying,55,45,43,55,43,72,5,FALSE,GHATAL,87.7468071,22.6636967
528,Swoobat,Psychic,Flying,67,57,55,77,55,114,5,FALSE,GHAZIABAD,77.4537578,28.6691565
529,Drilbur,Ground,,60,85,40,30,45,68,5,FALSE,GHAZIPUR,83.5783078,25.5877901
530,Excadrill,Ground,Steel,110,135,60,50,65,88,5,FALSE,GHOSI,83.5443287,26.1156595
531,Audino,Normal,,103,60,86,60,86,50,5,FALSE,GIRIDIH,86.2996368,24.19135
531,AudinoMega Audino,Normal,Fairy,103,60,126,80,126,50,5,FALSE,GODDA,87.2135177,24.8255215
532,Timburr,Fighting,,75,80,55,25,35,35,5,FALSE,GONDA,81.9618979,27.1339874
533,Gurdurr,Fighting,,85,105,85,40,50,40,5,FALSE,GOPALGANJ,84.43655,26.4831584
534,Conkeldurr,Fighting,,105,140,95,55,65,45,5,FALSE,GORAKHPUR,83.3731675,26.7605545
535,Tympole,Water,,50,50,40,50,40,64,5,FALSE,GULBARGA,76.8342957,17.329731
536,Palpitoad,Water,Ground,75,65,55,65,55,69,5,FALSE,GUNA,0,9.2344395
537,Seismitoad,Water,Ground,105,95,75,85,75,74,5,FALSE,GUNTUR,80.4365402,16.3066525
538,Throh,Fighting,,120,100,85,30,85,45,5,FALSE,GURDASPUR,75.403086,32.0413917
539,Sawk,Fighting,,75,125,75,30,75,85,5,FALSE,GURGAON,77.0266383,28.4594965
540,Sewaddle,Bug,Grass,45,53,70,40,60,42,5,FALSE,GWALIOR,78.1828308,26.2182871
541,Swadloon,Bug,Grass,55,63,90,50,80,42,5,FALSE,HAJIPUR,85.208324,25.6924354
542,Leavanny,Bug,Grass,75,103,80,70,80,92,5,FALSE,HAMIRPUR,76.5213092,31.6861745
543,Venipede,Bug,Poison,30,45,59,30,39,57,5,FALSE,HAMIRPUR,76.5213092,31.6861745
544,Whirlipede,Bug,Poison,40,55,99,40,79,47,5,FALSE,HARDOI,80.1250479,27.3965071
545,Scolipede,Bug,Poison,60,100,89,55,69,112,5,FALSE,HARIDWAR,78.1642478,29.9456906
546,Cottonee,Grass,Fairy,40,27,60,37,50,66,5,FALSE,HASSAN,76.1003894,13.0033234
547,Whimsicott,Grass,Fairy,60,67,85,77,75,116,5,FALSE,HATHRAS,78.0492265,27.5980718
548,Petilil,Grass,,45,35,50,70,50,30,5,FALSE,HATKANANGLE,74.123996,16.9429263
549,Lilligant,Grass,,70,60,75,110,75,90,5,FALSE,HAVERI,75.3990674,14.7950698
550,Basculin,Water,,70,92,65,80,55,98,5,FALSE,HAZARIBAGH,85.3636758,23.9924669
551,Sandile,Ground,Dark,50,72,35,35,35,65,5,FALSE,HINDUPUR,77.5009298,13.8222599
552,Krokorok,Ground,Dark,60,82,45,45,45,74,5,FALSE,HINGOLI,77.1493722,19.7173703
553,Krookodile,Ground,Dark,95,117,80,65,70,92,5,FALSE,HISAR,75.7216527,29.1491875
554,Darumaka,Fire,,70,90,45,15,45,50,5,FALSE,HOOGHLY,88.3898552,22.9011588
555,DarmanitanStandard Mode,Fire,,105,140,55,30,55,95,5,FALSE,HOSHANGABAD,77.7288655,22.7518961
555,DarmanitanZen Mode,Fire,Psychic,105,30,105,140,105,55,5,FALSE,HOSHIARPUR,75.911483,31.5143178
556,Maractus,Grass,,75,86,67,106,67,60,5,FALSE,HOWRAH,88.2636394,22.5957689
557,Dwebble,Bug,Rock,50,65,85,35,35,55,5,FALSE,HYDERABAD,78.486671,17.385044
558,Crustle,Bug,Rock,70,95,125,65,75,45,5,FALSE,IDUKKI,76.9527836,9.8583987
559,Scraggy,Dark,Fighting,50,75,70,35,70,48,5,FALSE,INDORE,75.8577258,22.7195687
560,Scrafty,Dark,Fighting,65,90,115,45,115,58,5,FALSE,INNER MANIPUR,93.8655303,24.7121881
561,Sigilyph,Psychic,Flying,72,58,80,103,80,97,5,FALSE,JABALPUR,79.9864071,23.181467
562,Yamask,Ghost,,38,30,85,55,65,30,5,FALSE,JADAVPUR,88.3709008,22.4954988
563,Cofagrigus,Ghost,,58,50,145,95,105,30,5,FALSE,JAGATSINGHPUR,86.1706221,20.2548998
564,Tirtouga,Water,Rock,54,78,103,53,45,22,5,FALSE,JAHANABAD,84.9853322,25.2132649
565,Carracosta,Water,Rock,74,108,133,83,65,32,5,FALSE,JAIPUR,0,0
566,Archen,Rock,Flying,55,112,45,74,45,70,5,FALSE,JAIPUR RURAL,75.9927652,27.307462
567,Archeops,Rock,Flying,75,140,65,112,65,110,5,FALSE,JAJPUR,86.3326058,20.8341019
568,Trubbish,Poison,,50,50,62,40,62,65,5,FALSE,JALANDHAR,75.5761829,31.3260152
569,Garbodor,Poison,,80,95,82,60,82,75,5,FALSE,JALAUN,79.3296565,26.1458649
570,Zorua,Dark,,40,65,40,80,40,65,5,FALSE,JALGAON,75.5626039,21.0076578
571,Zoroark,Dark,,60,105,60,120,60,105,5,FALSE,JALNA,75.8816345,19.8346659
572,Minccino,Normal,,55,50,40,40,40,75,5,FALSE,JALORE,72.1416132,25.1256823
573,Cinccino,Normal,,75,95,60,65,60,115,5,FALSE,JALPAIGURI,88.7195567,26.5214579
574,Gothita,Psychic,,45,30,50,55,65,45,5,FALSE,JAMMU,74.8570259,32.7266016
575,Gothorita,Psychic,,60,45,70,75,85,55,5,FALSE,JAMNAGAR,70.05773,22.4707019
576,Gothitelle,Psychic,,70,55,95,95,110,65,5,FALSE,JAMSHEDPUR,86.2028754,22.8045665
577,Solosis,Psychic,,45,30,40,105,50,20,5,FALSE,JAMUI,86.224718,24.9195147
578,Duosion,Psychic,,65,40,50,125,60,30,5,FALSE,JANGIPUR,88.1047287,24.4589833
579,Reuniclus,Psychic,,110,65,75,125,85,30,5,FALSE,JANJGIR CHAMPA,82.4752757,21.9705529
580,Ducklett,Water,Flying,62,44,50,44,50,55,5,FALSE,JAUNPUR,82.6837033,25.7464145
581,Swanna,Water,Flying,75,87,63,87,63,98,5,FALSE,JAYNAGAR,86.1370148,26.5883988
582,Vanillite,Ice,,36,50,50,65,60,44,5,FALSE,JHALAWAR BARAN,76.5488232,24.5805983
583,Vanillish,Ice,,51,65,65,80,75,59,5,FALSE,JHANJHARPUR,86.2769166,26.26197
584,Vanilluxe,Ice,,71,95,85,110,95,79,5,FALSE,JHANSI,78.5684594,25.4484257
585,Deerling,Normal,Grass,60,60,50,40,50,75,5,FALSE,JHARGRAM,86.9974385,22.4549909
586,Sawsbuck,Normal,Grass,80,100,70,60,70,95,5,FALSE,JHUNJHUNU,75.4022233,28.1317038
587,Emolga,Electric,Flying,55,75,60,75,60,103,5,FALSE,JODHPUR,73.0243094,26.2389469
588,Karrablast,Bug,,50,75,45,40,45,60,5,FALSE,JORHAT,94.2036696,26.7509207
589,Escavalier,Bug,Steel,70,135,105,60,105,20,5,FALSE,JUNAGADH,70.4579436,21.5222203
590,Foongus,Grass,Poison,69,55,45,55,55,15,5,FALSE,KACHCHH,69.8597406,23.7337326
591,Amoonguss,Grass,Poison,114,85,70,85,80,30,5,FALSE,KADAPA,78.8242089,14.4673154
592,Frillish,Water,Ghost,55,40,50,65,85,40,5,FALSE,KAIRANA,77.2002745,29.3939892
593,Jellicent,Water,Ghost,100,60,70,85,105,60,5,FALSE,KAISERGANJ,81.5473014,27.2514781
594,Alomomola,Water,,165,75,80,40,45,65,5,FALSE,KAKINADA,82.2474648,16.9890648
595,Joltik,Bug,Electric,50,47,50,57,50,65,5,FALSE,KALAHANDI,83.1649001,19.9137363
596,Galvantula,Bug,Electric,70,77,60,97,60,108,5,FALSE,KALIABOR,93.092296,26.534442
597,Ferroseed,Grass,Steel,44,50,91,24,86,10,5,FALSE,KALLAKURICHI,78.9638899,11.7383735
598,Ferrothorn,Grass,Steel,74,94,131,54,116,20,5,FALSE,KALYAN,73.1305395,19.2403305
599,Klink,Steel,,40,55,70,45,60,30,5,FALSE,KANCHEEPURAM,79.6946586,12.818456
600,Klang,Steel,,60,80,95,70,85,50,5,FALSE,KANDHAMAL,84.0167423,20.1342042
601,Klinklang,Steel,,60,100,115,70,85,90,5,FALSE,KANGRA,76.2691006,32.0998031
602,Tynamo,Electric,,35,55,40,45,40,60,5,FALSE,KANKER,81.0754657,20.1990123
603,Eelektrik,Electric,,65,85,70,75,70,40,5,FALSE,KANNAUJ,79.9136731,27.0514156
604,Eelektross,Electric,,85,115,80,105,80,50,5,FALSE,KANNIYAKUMARI,77.5384507,8.0883064
605,Elgyem,Psychic,,55,55,55,85,55,30,5,FALSE,KANNUR,75.3703662,11.8744775
606,Beheeyem,Psychic,,75,75,75,125,95,40,5,FALSE,KANPUR,80.3318736,26.449923
607,Litwick,Ghost,Fire,50,30,55,65,55,20,5,FALSE,KANTHI,87.7517427,21.778109
608,Lampent,Ghost,Fire,60,40,60,95,60,55,5,FALSE,KARAKAT,84.2851541,25.1803303
609,Chandelure,Ghost,Fire,60,55,90,145,90,80,5,FALSE,KARAULI DHOLPUR,77.2864879,26.5071484
610,Axew,Dragon,,46,87,60,30,40,57,5,FALSE,KARIMGANJ,92.3591531,24.8649128
611,Fraxure,Dragon,,66,117,70,40,50,67,5,FALSE,KARIMNAGAR,79.1288412,18.4385553
612,Haxorus,Dragon,,76,147,90,60,70,97,5,FALSE,KARNAL,76.9904825,29.6856929
613,Cubchoo,Ice,,55,70,40,60,40,40,5,FALSE,KARUR,78.0766036,10.9600778
614,Beartic,Ice,,95,110,80,70,80,50,5,FALSE,KASARAGOD,74.9869276,12.4995966
615,Cryogonal,Ice,,70,50,30,95,135,105,5,FALSE,KATIHAR,87.5591073,25.5540648
616,Shelmet,Bug,,50,40,85,40,65,25,5,FALSE,KAUSHAMBI,81.4031707,25.361054
617,Accelgor,Bug,,80,70,40,100,60,145,5,FALSE,KENDRAPARA,86.4288534,20.4969108
618,Stunfisk,Ground,Electric,109,66,84,81,99,32,5,FALSE,KEONJHAR,85.5816847,21.628933
619,Mienfoo,Fighting,,45,85,50,55,50,65,5,FALSE,KHADOOR SAHIB,75.0990746,31.4235965
620,Mienshao,Fighting,,65,125,60,95,60,105,5,FALSE,KHAGARIA,86.4701416,25.50452
621,Druddigon,Dragon,,77,120,90,60,90,48,5,FALSE,KHAJURAHO,79.9198549,24.8318452
622,Golett,Ground,Ghost,59,74,50,35,50,35,5,FALSE,KHAMMAM,80.1514447,17.2472528
623,Golurk,Ground,Ghost,89,124,80,55,80,55,5,FALSE,KHANDWA,76.3497612,21.8314037
624,Pawniard,Dark,Steel,45,85,70,40,40,60,5,FALSE,KHARGONE,75.6149893,21.8335244
625,Bisharp,Dark,Steel,65,125,100,60,70,70,5,FALSE,KHEDA,72.6846658,22.750651
626,Bouffalant,Normal,,95,110,95,40,95,55,5,FALSE,KHERI,80.7962492,27.9064649
627,Rufflet,Normal,Flying,70,83,50,37,50,60,5,FALSE,KHUNTI,85.2774207,23.0797595
628,Braviary,Normal,Flying,100,123,75,57,75,80,5,FALSE,KISHANGANJ,87.9450379,26.0982167
629,Vullaby,Dark,Flying,70,55,75,45,65,60,5,FALSE,KODARMA,85.5933645,24.4676805
630,Mandibuzz,Dark,Flying,110,65,105,55,95,80,5,FALSE,KOKRAJHAR,90.266699,26.4014362
631,Heatmor,Fire,,85,97,66,105,66,65,5,FALSE,KOLAR,0,0
632,Durant,Bug,Steel,58,109,112,48,48,109,5,FALSE,KOLHAPUR,74.2432527,16.7049873
633,Deino,Dark,Dragon,52,65,50,45,50,38,5,FALSE,KOLKATA DAKSHIN,88.314212,22.5038174
634,Zweilous,Dark,Dragon,72,85,70,65,70,58,5,FALSE,KOLKATA UTTAR,88.372493,22.5759112
635,Hydreigon,Dark,Dragon,92,105,90,125,90,98,5,FALSE,KOLLAM,76.6141396,8.8932118
636,Larvesta,Bug,Fire,55,85,55,50,55,60,5,FALSE,KOPPAL,76.1567298,15.3504652
637,Volcarona,Bug,Fire,85,60,65,135,105,100,5,FALSE,KORAPUT,82.7123327,18.813487
638,Cobalion,Steel,Fighting,91,90,129,90,72,108,5,TRUE,KORBA,82.7500595,22.3594501
639,Terrakion,Rock,Fighting,91,129,90,72,90,108,5,TRUE,KOTA,0,0
640,Virizion,Grass,Fighting,91,90,72,90,129,108,5,TRUE,KOTTAYAM,76.5221531,9.5915668
641,TornadusIncarnate Forme,Flying,,79,115,70,125,80,111,5,TRUE,KOZHIKODE,75.78041,11.2587531
641,TornadusTherian Forme,Flying,,79,100,80,110,90,121,5,TRUE,KRISHNAGIRI,78.2149575,12.5265661
642,ThundurusIncarnate Forme,Electric,Flying,79,115,70,125,80,111,5,TRUE,KRISHNANAGAR,88.5021152,23.4013101
642,ThundurusTherian Forme,Electric,Flying,79,105,70,145,80,101,5,TRUE,KURNOOL,78.0372792,15.8281257
643,Reshiram,Dragon,Fire,100,120,100,150,120,90,5,TRUE,KURUKSHETRA,76.878282,29.9695121
644,Zekrom,Dragon,Electric,100,150,120,120,100,90,5,TRUE,KUSHI NAGAR,83.8869698,26.7398787
645,LandorusIncarnate Forme,Ground,Flying,89,125,90,115,80,101,5,TRUE,LADAKH,77.5619419,34.2268475
645,LandorusTherian Forme,Ground,Flying,89,145,90,105,80,91,5,TRUE,LAKHIMPUR,80.7787163,27.9462395
646,Kyurem,Dragon,Ice,125,130,90,130,90,95,5,TRUE,LAKSHADWEEP,72.7846336,10.3280265
646,KyuremBlack Kyurem,Dragon,Ice,125,170,100,120,90,95,5,TRUE,LALGANJ,80.9705292,26.1650564
646,KyuremWhite Kyurem,Dragon,Ice,125,120,90,170,100,95,5,TRUE,LATUR,76.5603828,18.4087934
647,KeldeoOrdinary Forme,Water,Fighting,91,72,90,129,90,108,5,FALSE,LOHARDAGA,84.6845216,23.4409325
647,KeldeoResolute Forme,Water,Fighting,91,72,90,129,90,108,5,FALSE,LUCKNOW,80.946166,26.8466937
648,MeloettaAria Forme,Normal,Psychic,100,77,77,128,128,90,5,FALSE,LUDHIANA,75.8572758,30.900965
648,MeloettaPirouette Forme,Normal,Fighting,100,128,90,77,77,128,5,FALSE,MACHHLISHAHR,82.4129729,25.6873691
649,Genesect,Bug,Steel,71,120,95,120,95,99,5,FALSE,MACHILIPATNAM,81.1302716,16.1808917
650,Chespin,Grass,,56,61,65,48,45,38,6,FALSE,MADHA,0,0
651,Quilladin,Grass,,61,78,95,56,58,57,6,FALSE,MADHEPURA,86.7946387,25.9239677
652,Chesnaught,Grass,Fighting,88,107,122,74,75,64,6,FALSE,MADHUBANI,86.0711661,26.3482938
653,Fennekin,Fire,,40,45,40,62,60,60,6,FALSE,MADURAI,78.1197754,9.9252007
654,Braixen,Fire,,59,59,58,90,70,73,6,FALSE,MAHABUBABAD,80.0036199,17.602625
655,Delphox,Fire,Psychic,75,69,72,114,100,104,6,FALSE,MAHARAJGANJ,83.5621737,27.1446035
656,Froakie,Water,,41,56,40,62,44,71,6,FALSE,MAHARAJGANJ,83.5621737,27.1446035
657,Frogadier,Water,,54,63,52,83,56,97,6,FALSE,MAHASAMUND,82.095962,21.1124067
658,Greninja,Water,Dark,72,95,67,103,71,122,6,FALSE,MAHBUBNAGAR,78.0035172,16.7488379
659,Bunnelby,Normal,,38,36,38,32,36,57,6,FALSE,MAHESANA,72.3693252,23.5879607
660,Diggersby,Normal,Ground,85,56,77,50,77,78,6,FALSE,MAINPURI,79.0251659,27.2281937
661,Fletchling,Normal,Flying,45,50,43,40,38,62,6,FALSE,MALAPPURAM,76.0710967,11.0509762
662,Fletchinder,Fire,Flying,62,73,55,56,52,84,6,FALSE,MALDAHA DAKSHIN,87.972681,24.8430682
663,Talonflame,Fire,Flying,78,81,71,74,69,126,6,FALSE,MALDAHA UTTAR,88.2461183,25.1785773
664,Scatterbug,Bug,,38,35,40,27,25,35,6,FALSE,MALKAJGIRI,78.5322481,17.4503375
665,Spewpa,Bug,,45,22,60,27,30,29,6,FALSE,MANDI,0,0
666,Vivillon,Bug,Flying,80,52,50,90,50,89,6,FALSE,MANDLA,80.3713855,22.5979218
667,Litleo,Fire,Normal,62,50,58,73,54,72,6,FALSE,MANDSOUR,75.0679018,24.0734356
668,Pyroar,Fire,Normal,86,68,72,109,66,106,6,FALSE,MANDYA,76.8951488,12.5218157
669,Flabb,Fairy,,44,38,39,61,79,42,6,FALSE,MANGALDOI,92.0322172,26.44632
670,Floette,Fairy,,54,45,47,75,98,52,6,FALSE,MATHURA,77.673673,27.4924134
671,Florges,Fairy,,78,65,68,112,154,75,6,FALSE,MATHURAPUR,88.3943282,22.1202674
672,Skiddo,Grass,,66,65,48,62,57,52,6,FALSE,MAVAL,0,0
673,Gogoat,Grass,,123,100,62,97,81,68,6,FALSE,MAVELIKKARA,76.5314817,9.2384874
674,Pancham,Fighting,,67,82,62,46,48,43,6,FALSE,MAYILADUTHURAI,79.6525686,11.1017705
675,Pangoro,Fighting,Dark,95,124,78,69,71,58,6,FALSE,MAYURBHANJ,86.4187308,22.0086978
676,Furfrou,Normal,,75,80,60,65,90,102,6,FALSE,MEDAK,78.261853,18.0529357
677,Espurr,Psychic,,62,48,54,63,60,68,6,FALSE,MEDINIPUR,87.3198819,22.4256613
678,MeowsticMale,Psychic,,74,48,76,83,81,104,6,FALSE,MEERUT,77.7064137,28.9844618
678,MeowsticFemale,Psychic,,74,48,76,83,81,104,6,FALSE,MIRZAPUR,0,0
679,Honedge,Steel,Ghost,45,80,100,35,37,28,6,FALSE,MISRIKH,80.5299541,27.4292761
680,Doublade,Steel,Ghost,59,110,150,45,49,35,6,FALSE,MIZORAM,92.9375739,23.164543
681,AegislashBlade Forme,Steel,Ghost,60,150,50,150,50,60,6,FALSE,MOHANLALGANJ,80.9880191,26.6854584
681,AegislashShield Forme,Steel,Ghost,60,50,150,50,150,60,6,FALSE,MORADABAD,78.7733286,28.8386481
682,Spritzee,Fairy,,78,52,60,63,65,23,6,FALSE,MORENA,0,0
683,Aromatisse,Fairy,,101,72,72,99,89,29,6,FALSE,MUHIDABAD,88.2801785,24.1759039
684,Swirlix,Fairy,,62,48,66,59,57,49,6,FALSE,MUMBAI NORTH,72.8633635,19.1411973
685,Slurpuff,Fairy,,82,80,86,85,75,72,6,FALSE,MUMBAI NORTH CENTRAL,72.8633635,19.0722214
686,Inkay,Dark,Psychic,53,54,53,37,46,45,6,FALSE,MUMBAI NORTH EAST,72.9342451,19.1249534
687,Malamar,Dark,Psychic,86,92,88,68,75,73,6,FALSE,MUMBAI NORTH WEST,72.8633635,19.1411973
688,Binacle,Rock,Water,42,52,67,39,56,50,6,FALSE,MUMBAI SOUTH,72.8776559,19.0759837
689,Barbaracle,Rock,Water,72,105,115,54,86,68,6,FALSE,MUMBAI SOUTH CENTRAL,72.9106202,19.0307289
690,Skrelp,Poison,Water,50,60,60,60,60,30,6,FALSE,MUNGER,0,0
691,Dragalge,Poison,Dragon,65,75,90,97,123,44,6,FALSE,MUZAFFARNAGAR,77.7085091,29.4726817
692,Clauncher,Water,,50,53,62,58,63,44,6,FALSE,MUZAFFARPUR,85.390982,26.1196607
693,Clawitzer,Water,,71,73,88,120,89,59,6,FALSE,MYSORE,76.6393805,12.2958104
694,Helioptile,Electric,Normal,44,38,33,61,43,70,6,FALSE,NAAPURAM,75.6552401,11.6839585
695,Heliolisk,Electric,Normal,62,55,52,109,94,109,6,FALSE,NABARANGPUR,82.5469898,19.2281434
696,Tyrunt,Rock,Dragon,58,89,77,45,45,48,6,FALSE,NAGALAND,94.5624426,26.1584354
697,Tyrantrum,Rock,Dragon,82,121,119,69,59,71,6,FALSE,NAGAPATTINAM,79.8448512,10.7672313
698,Amaura,Rock,Ice,77,59,50,67,63,46,6,FALSE,NAGARKURNOOL,78.3102489,16.4939417
699,Aurorus,Rock,Ice,123,77,72,99,92,58,6,FALSE,NAGAUR,73.7493272,27.1983368
700,Sylveon,Fairy,,95,65,65,110,130,60,6,FALSE,NAGINA,0,0
701,Hawlucha,Fighting,Flying,78,92,75,74,63,118,6,FALSE,NAGPUR,79.0881546,21.1458004
702,Dedenne,Electric,Fairy,67,58,57,81,67,101,6,FALSE,NAINITAL-UDHAMSINGH NAGAR,79.1510421,29.1637099
703,Carbink,Rock,Fairy,50,50,150,50,150,50,6,FALSE,NALANDA,0,0
704,Goomy,Dragon,,45,50,35,55,75,40,6,FALSE,NALGONDA,79.2684169,17.0574663
705,Sliggoo,Dragon,,68,75,53,83,113,60,6,FALSE,NAMAKKAL,78.1673575,11.2188958
706,Goodra,Dragon,,90,100,70,110,150,80,6,FALSE,NANDED,77.3209555,19.1382514
707,Klefki,Steel,Fairy,57,80,91,80,87,75,6,FALSE,NANDURBAR,74.123996,21.7468548
708,Phantump,Ghost,Grass,43,70,48,50,60,38,6,FALSE,NANDYAL,78.487285,15.4776876
709,Trevenant,Ghost,Grass,85,110,76,65,82,56,6,FALSE,NARASARAOPET,80.0496499,16.2359181
710,PumpkabooAverage Size,Ghost,Grass,49,66,70,44,55,51,6,FALSE,NASHIK,73.7898023,19.9974533
710,PumpkabooSmall Size,Ghost,Grass,44,66,70,44,55,56,6,FALSE,NAVSARI,72.9520348,20.9467019
710,PumpkabooLarge Size,Ghost,Grass,54,66,70,44,55,46,6,FALSE,NAWADA,85.5434572,24.8866859
710,PumpkabooSuper Size,Ghost,Grass,59,66,70,44,55,41,6,FALSE,NAWGONG,79.4396622,25.0622533
711,GourgeistAverage Size,Ghost,Grass,65,90,122,58,75,84,6,FALSE,NELLORE,79.986456,14.4425987
711,GourgeistSmall Size,Ghost,Grass,55,85,122,58,75,99,6,FALSE,NEW DELHI,77.2090212,28.6139391
711,GourgeistLarge Size,Ghost,Grass,75,95,122,58,75,69,6,FALSE,NILGIRIS,76.7336521,11.4916043
711,GourgeistSuper Size,Ghost,Grass,85,100,122,58,75,54,6,FALSE,NIZAMABAD,78.0940867,18.6725047
712,Bergmite,Ice,,55,69,85,32,35,28,6,FALSE,NORTH EAST DELHI,77.2580268,28.7183693
713,Avalugg,Ice,,95,117,184,44,46,28,6,FALSE,NORTH GOA,73.9830029,15.5163112
714,Noibat,Flying,Dragon,40,30,35,45,40,55,6,FALSE,NORTH WEST DELHI,77.0685134,28.7186211
715,Noivern,Flying,Dragon,85,70,80,97,80,123,6,FALSE,ONGOLE,80.049922,15.5057232
716,Xerneas,Fairy,,126,131,95,131,98,99,6,TRUE,OSMANABAD,76.0419642,18.185332
717,Yveltal,Dark,Flying,126,131,95,131,98,99,6,TRUE,OUTER MANIPUR,93.2583626,24.2993576
718,Zygarde50% Forme,Dragon,Ground,108,100,121,81,95,95,6,TRUE,PALAKKAD,76.5488232,10.9512736
719,Diancie,Rock,Fairy,50,100,150,100,150,50,6,TRUE,PALAMU,84.1857115,24.1286106
719,DiancieMega Diancie,Rock,Fairy,50,160,110,160,110,110,6,TRUE,PALGHAR,72.769885,19.6967136
720,HoopaHoopa Confined,Psychic,Ghost,80,110,60,150,130,70,6,TRUE,PALI,0,0
720,HoopaHoopa Unbound,Psychic,Dark,80,160,60,170,130,80,6,TRUE,PANCHMAHAL,73.6330166,22.7770479
721,Volcanion,Fire,Water,80,110,120,130,90,70,6,TRUE,PARBHANI,76.774776,19.2608384